updated,prix_usdt,funding_pct,oi_btc,ls_comptes,ls_gros_traders,taker_ratio,cvd_1h_usd,cvd_4h_usd,cvd_24h_usd,gex_usd_1pct,gex_7j_usd_1pct,zero_gamma_usdt,mur_appel_usdt,mur_put_usdt,prime_hors_usdt_pct,ratio_bid_ask,dxy,vix
2026-10-02T11:18:18+00:00,86466.01,0.008700,99428.159,0.9011,1.9494,1.3634,,,,,,,,,,0.7300,102.061,15.97
2026-10-02T11:33:19+00:00,86520.18,0.008050,99394.898,0.9011,1.9494,1.3634,,,,,,,,,,0.7300,102.017,15.96
2026-10-02T11:48:19+00:00,86505.56,0.007290,99349.235,0.9011,1.9494,1.3634,,,,,,,,,,0.7600,102.025,15.96
2026-10-02T12:03:19+00:00,86338.01,0.006510,99149.371,0.8972,1.9447,1.0832,,,,,,,,,,0.7600,102.030,16.06
2026-10-02T12:16:31+00:00,86490.01,0.006130,99078.808,0.8972,1.9447,1.0832,,,,,,,,,,0.7100,102.068,16.07
2026-10-02T12:18:20+00:00,86544.00,0.006140,99072.380,0.8972,1.9447,1.0832,,,,,,,,,,0.7100,102.076,16.08
2026-10-02T12:20:37+00:00,86583.48,0.006130,99152.523,0.8972,1.9447,1.0832,,,,,,,,,,0.7300,102.066,16.09
2026-10-02T12:33:20+00:00,86784.93,0.006190,99210.414,0.8972,1.9447,1.0832,,,,,,,,,,0.7800,102.078,16.08
2026-10-02T12:48:21+00:00,86744.22,0.006050,99546.451,0.8972,1.9447,1.0832,,,,,,,,,,0.7300,101.830,15.63
2026-10-02T13:03:21+00:00,86858.67,0.006390,99800.384,0.8875,1.9174,1.1808,,,,,,,,,,0.8700,101.862,15.52
2026-10-02T13:18:21+00:00,86694.52,0.006000,99849.003,0.8875,1.9174,1.1808,,,,,,,,,,0.8000,101.868,15.54
2026-10-02T13:33:22+00:00,86842.01,0.005820,99768.246,0.8875,1.9174,1.1808,,,,,,,,,,0.8100,101.943,15.63
2026-10-02T13:48:22+00:00,86874.01,0.005530,100078.913,0.8875,1.9174,1.1808,,,,,,,,,,0.9200,101.906,15.66
2026-10-02T14:03:22+00:00,86650.00,0.004980,99687.067,0.8678,1.8642,0.8759,,,,,,,,,,0.7300,101.805,15.74
2026-10-02T14:18:23+00:00,86525.08,0.004330,98955.707,0.8678,1.8642,0.8759,,,,,,,,,,0.7200,101.704,15.56
2026-10-02T14:33:23+00:00,86052.13,0.003720,98414.774,0.8678,1.8642,0.8759,,,,,,,,,,0.7900,101.738,15.54
2026-10-02T14:48:23+00:00,86034.01,0.003300,97612.129,0.8678,1.8642,0.8759,,,,,,,,,,0.9900,101.728,15.48
2026-10-02T15:03:24+00:00,85618.00,0.002690,96787.922,0.8744,1.8403,0.6609,,,,,,,,,,1.4000,101.777,15.44
2026-10-02T15:18:24+00:00,85569.99,0.002210,96847.012,0.8744,1.8403,0.6609,,,,,,,,,,1.7400,101.844,15.60
2026-10-02T15:33:24+00:00,85466.00,0.001860,97303.293,0.8744,1.8403,0.6609,,,,,,,,,,1.6900,101.889,15.80
2026-10-02T15:48:25+00:00,85440.43,0.001300,96993.184,0.8744,1.8403,0.6609,,,,,,,,,,1.1400,101.880,15.58
2026-10-02T16:03:25+00:00,85419.22,0.001370,96341.233,0.9539,1.9192,1.2183,,,,,,,,,,0.9000,101.918,15.57
2026-10-02T16:18:25+00:00,85331.10,0.001200,96108.933,0.9539,1.9192,1.2183,,,,,,,,,,0.9300,101.909,15.55
2026-10-02T16:33:26+00:00,85175.73,0.001070,95903.336,0.9539,1.9192,1.2183,,,,,,,,,,0.8800,101.905,15.59
2026-10-02T16:48:26+00:00,85258.01,0.001100,95645.346,0.9539,1.9192,1.2183,,,,,,,,,,0.9000,101.957,15.66
2026-10-02T17:03:26+00:00,85234.88,0.001450,95644.444,1.0190,1.9553,1.0813,,,,,,,,,,0.9900,101.933,15.74
2026-10-02T17:18:27+00:00,84855.81,0.001650,95085.319,1.0190,1.9553,1.0813,,,,,,,,,,0.9100,101.914,15.67
2026-10-02T17:33:27+00:00,84747.97,0.002060,95062.587,1.0190,1.9553,1.0813,,,,,,,,,,1.1500,101.903,15.69
2026-10-02T17:48:28+00:00,84651.67,0.002790,95083.418,1.0190,1.9553,1.0813,,,,,,,,,,1.1900,101.914,15.80
2026-10-02T18:03:28+00:00,84854.00,0.003630,95172.159,1.0730,1.9649,0.8193,,,,,,,,,,1.3700,101.912,15.76
2026-10-02T18:18:28+00:00,84726.00,0.004050,95273.151,1.0730,1.9649,0.8193,,,,,,,,,,1.3200,101.927,15.63
2026-10-02T18:33:29+00:00,84547.08,0.004400,95385.354,1.0730,1.9649,0.8193,,,,,,,,,,1.0500,101.939,15.62
2026-10-02T18:48:29+00:00,83927.76,0.004610,95366.065,1.0730,1.9649,0.8193,,,,,,,,,,1.1200,101.938,15.56
2026-10-02T19:03:29+00:00,84225.49,0.005060,95361.596,1.1066,2.0253,0.9403,,,,,,,,,,1.3200,101.925,15.56
2026-10-02T19:18:30+00:00,84049.67,0.004640,95358.473,1.1066,2.0253,0.9403,,,,,,,,,,1.2100,101.940,15.55
2026-10-02T19:33:30+00:00,84101.02,0.004950,95188.297,1.1066,2.0253,0.9403,,,,,,,,,,1.1600,101.885,15.48
2026-10-02T19:48:30+00:00,84178.80,0.004810,95164.403,1.1066,2.0253,0.9403,,,,,,,,,,1.3900,101.881,15.42
2026-10-02T20:03:31+00:00,84355.35,0.004600,95489.367,1.1377,2.0549,1.1414,,,,,,,,,,1.4500,101.909,15.37
2026-10-02T20:18:31+00:00,84360.01,0.004520,95711.389,1.1377,2.0549,1.1414,,,,,,,,,,1.4800,101.903,15.34
2026-10-02T20:33:31+00:00,84443.99,0.004530,96593.690,1.1377,2.0549,1.1414,,,,,,,,,,1.4100,101.917,15.31
2026-10-02T20:48:32+00:00,84382.00,0.005290,98444.609,1.1377,2.0549,1.1414,,,,,,,,,,1.3500,101.925,15.31
2026-10-02T21:03:32+00:00,84506.37,0.005770,98887.078,1.1519,2.0556,1.0465,,,,,,,,,,1.4000,101.944,15.31
2026-10-02T21:18:32+00:00,84509.70,0.005800,98800.080,1.1519,2.0556,1.0465,,,,,,,,,,1.3900,101.924,15.31
2026-10-02T21:33:33+00:00,84426.00,0.006020,98764.603,1.1519,2.0556,1.0465,,,,,,,,,,1.3700,101.924,15.31
2026-10-02T21:48:33+00:00,84524.03,0.006730,98591.367,1.1519,2.0556,1.0465,,,,,,,,,,1.4000,101.924,15.31
2026-10-02T22:03:33+00:00,84512.25,0.006940,98577.274,1.1640,2.0694,0.9594,,,,,,,,,,1.3900,101.924,15.31
2026-10-02T22:18:34+00:00,84541.97,0.006990,98756.415,1.1640,2.0694,0.9594,,,,,,,,,,1.4300,101.924,15.31
2026-10-02T22:33:34+00:00,84539.99,0.006850,98468.137,1.1640,2.0694,0.9594,,,,,,,,,,1.4900,101.924,15.31
2026-10-02T22:48:34+00:00,84530.00,0.006520,98314.072,1.1640,2.0694,0.9594,,,,,,,,,,1.3700,101.924,15.31
2026-10-02T23:03:35+00:00,84542.73,0.006300,98313.508,1.1768,2.0513,1.0150,,,,,,,,,,1.4400,101.924,15.31
2026-10-02T23:18:35+00:00,84502.00,0.005680,98217.744,1.1768,2.0513,1.0150,,,,,,,,,,1.4600,101.924,15.31
2026-10-02T23:33:35+00:00,84519.99,0.005450,98206.152,1.1768,2.0513,1.0150,,,,,,,,,,1.5200,101.924,15.31
2026-10-02T23:48:36+00:00,84568.01,0.004920,98170.523,1.1768,2.0513,1.0150,,,,,,,,,,1.4400,101.924,15.31
2026-10-03T00:03:36+00:00,84500.00,0.004520,98168.281,1.1882,2.0516,0.8982,,,,,,,,,,1.4300,101.924,15.31
2026-10-03T00:18:36+00:00,84547.51,0.004180,98150.756,1.1882,2.0516,0.8982,,,,,,,,,,1.3100,101.924,15.31
2026-10-03T00:33:37+00:00,84610.00,0.004360,98172.030,1.1882,2.0516,0.8982,,,,,,,,,,1.2500,101.924,15.31
2026-10-03T00:48:37+00:00,84636.93,0.004480,98045.011,1.1882,2.0516,0.8982,,,,,,,,,,1.4300,101.924,15.31
2026-10-03T01:03:37+00:00,84631.73,0.004220,98060.911,1.2163,2.0532,1.0028,,,,,,,,,,1.4500,101.924,15.31
2026-10-03T01:18:38+00:00,84635.01,0.004090,97984.325,1.2163,2.0532,1.0028,,,,,,,,,,1.4500,101.924,15.31
2026-10-03T01:33:38+00:00,84636.67,0.004060,97925.810,1.2163,2.0532,1.0028,,,,,,,,,,1.3800,101.924,15.31
2026-10-03T01:48:38+00:00,84648.82,0.003930,97900.124,1.2163,2.0532,1.0028,,,,,,,,,,1.4200,101.924,15.31
2026-10-03T02:03:39+00:00,84640.01,0.003790,97894.892,1.2247,2.0276,0.9469,,,,,,,,,,1.4300,101.924,15.31
2026-10-03T02:18:39+00:00,84658.71,0.003570,97872.878,1.2247,2.0276,0.9469,,,,,,,,,,1.4600,101.924,15.31
2026-10-03T02:33:39+00:00,84659.24,0.003270,97844.075,1.2247,2.0276,0.9469,,,,,,,,,,1.4900,101.924,15.31
2026-10-03T02:48:40+00:00,84650.01,0.003020,97812.031,1.2247,2.0276,0.9469,,,,,,,,,,1.5700,101.924,15.31
2026-10-03T03:03:40+00:00,84614.00,0.002350,97735.946,1.2104,2.0315,1.1370,,,,,,,,,,1.4400,101.924,15.31
2026-10-03T03:18:40+00:00,84603.11,0.002430,97656.958,1.2104,2.0315,1.1370,,,,,,,,,,1.3300,101.930,15.31
2026-10-03T03:33:41+00:00,84609.28,0.002330,97634.012,1.2104,2.0315,1.1370,,,,,,,,,,1.2200,101.924,15.31
2026-10-03T03:48:41+00:00,84669.05,0.002470,97642.714,1.2104,2.0315,1.1370,,,,,,,,,,1.3800,101.924,15.31
2026-10-03T04:03:41+00:00,84711.33,0.002730,97609.093,1.2104,2.0265,0.8983,,,,,,,,,,1.4500,101.930,15.31
2026-10-03T04:18:42+00:00,84609.07,0.002340,97582.812,1.2104,2.0265,0.8983,,,,,,,,,,1.4200,101.930,15.31
2026-10-03T04:33:42+00:00,84558.00,0.001800,97454.054,1.2104,2.0265,0.8983,,,,,,,,,,1.3300,101.930,15.31
2026-10-03T04:48:42+00:00,84595.01,0.001590,97447.235,1.2104,2.0265,0.8983,,,,,,,,,,1.2700,101.930,15.31
2026-10-03T05:03:43+00:00,84557.56,0.001340,97475.457,1.2090,2.0225,0.6854,,,,,,,,,,1.2600,101.930,15.31
2026-10-03T05:18:43+00:00,84583.98,0.000860,97481.807,1.2090,2.0225,0.6854,,,,,,,,,,1.2800,101.930,15.31
2026-10-03T05:33:43+00:00,84637.51,0.001000,97490.024,1.2090,2.0225,0.6854,,,,,,,,,,1.3500,101.930,15.31
2026-10-03T05:48:44+00:00,84651.47,0.000880,97492.656,1.2090,2.0225,0.6854,,,,,,,,,,1.3800,101.930,15.31
2026-10-03T06:03:44+00:00,84668.16,0.000740,97541.564,1.2095,2.0200,1.1003,,,,,,,,,,1.3500,101.930,15.31
2026-10-03T06:18:44+00:00,84641.42,0.000850,97657.381,1.2095,2.0200,1.1003,,,,,,,,,,1.2800,101.930,15.31
2026-10-03T06:33:45+00:00,84661.36,0.000800,97681.276,1.2095,2.0200,1.1003,,,,,,,,,,1.3700,101.930,15.31
2026-10-03T06:48:45+00:00,84632.00,0.000770,97674.465,1.2095,2.0200,1.1003,,,,,,,,,,1.3500,101.930,15.31
2026-10-03T07:03:45+00:00,84586.00,0.000720,97961.848,1.2129,1.9693,0.7826,,,,,,,,,,1.2700,101.930,15.31
2026-10-03T07:18:46+00:00,84608.01,0.000710,97942.694,1.2129,1.9693,0.7826,,,,,,,,,,1.2700,101.930,15.31
2026-10-03T07:33:46+00:00,84645.28,0.000900,97901.979,1.2129,1.9693,0.7826,,,,,,,,,,1.3100,101.930,15.31
2026-10-03T07:48:46+00:00,84609.05,0.000670,97829.983,1.2129,1.9693,0.7826,,,,,,,,,,1.3400,101.930,15.31
2026-10-03T08:03:47+00:00,84592.02,0.000340,97718.730,1.2119,1.9531,0.6751,,,,,,,,,,1.3400,101.930,15.31
2026-10-03T08:18:47+00:00,84624.02,0.000350,97696.518,1.2119,1.9531,0.6751,,,,,,,,,,1.2900,101.930,15.31
2026-10-03T08:33:47+00:00,84579.20,-0.000080,97694.930,1.2119,1.9531,0.6751,,,,,,,,,,1.2600,101.930,15.31
2026-10-03T08:48:48+00:00,84631.34,0.000200,97710.330,1.2119,1.9531,0.6751,,,,,,,,,,1.3300,101.930,15.31
2026-10-03T09:03:48+00:00,84641.14,0.000120,97705.230,1.2109,1.9514,1.1415,,,,,,,,,,1.3400,101.930,15.31
2026-10-03T09:18:48+00:00,84616.00,0.000070,97736.612,1.2109,1.9514,1.1415,,,,,,,,,,1.3500,101.930,15.31
2026-10-03T09:33:49+00:00,84591.43,-0.000400,97713.259,1.2109,1.9514,1.1415,,,,,,,,,,1.2900,101.930,15.31
2026-10-03T09:48:49+00:00,84590.05,-0.000620,97720.346,1.2109,1.9514,1.1415,,,,,,,,,,1.2700,101.930,15.31
2026-10-03T10:03:49+00:00,84592.56,-0.000730,97747.427,1.2129,1.9512,0.9362,,,,,,,,,,1.2800,101.930,15.31
2026-10-03T10:18:50+00:00,84580.75,-0.001180,97720.528,1.2129,1.9512,0.9362,,,,,,,,,,1.2900,101.930,15.31
2026-10-03T10:33:50+00:00,84615.44,-0.001460,97631.948,1.2129,1.9512,0.9362,,,,,,,,,,1.2300,101.930,15.31
2026-10-03T10:48:50+00:00,84627.71,-0.001500,97616.095,1.2129,1.9512,0.9362,,,,,,,,,,1.2500,101.930,15.31
2026-10-03T11:03:51+00:00,84633.28,-0.001190,97604.619,1.2143,1.9543,0.9693,,,,,,,,,,1.2700,101.930,15.31
2026-10-03T11:18:51+00:00,84645.00,-0.001020,97558.216,1.2143,1.9543,0.9693,,,,,,,,,,1.2700,101.930,15.31
2026-10-03T11:33:51+00:00,84651.22,-0.000700,97539.063,1.2143,1.9543,0.9693,,,,,,,,,,1.3300,101.930,15.31
2026-10-03T11:48:52+00:00,84696.00,-0.000260,97541.562,1.2143,1.9543,0.9693,,,,,,,,,,1.3400,101.930,15.31
2026-10-03T12:03:52+00:00,84695.99,0.000070,97503.285,1.2212,1.9517,1.4067,,,,,,,,,,1.3600,101.930,15.31
2026-10-03T12:18:52+00:00,84791.53,0.000490,97651.485,1.2212,1.9517,1.4067,,,,,,,,,,1.3900,101.930,15.31
2026-10-03T12:33:53+00:00,84852.00,0.000640,97443.392,1.2212,1.9517,1.4067,,,,,,,,,,1.5000,101.930,15.31
2026-10-03T12:48:53+00:00,84847.46,0.000310,97489.099,1.2212,1.9517,1.4067,,,,,,,,,,1.4000,101.930,15.31
2026-10-03T13:03:53+00:00,84860.00,0.000750,97579.998,1.2287,1.9346,1.6433,,,,,,,,,,1.4300,101.930,15.31
2026-10-03T13:18:54+00:00,84822.00,0.000630,97561.741,1.2287,1.9346,1.6433,,,,,,,,,,1.3000,101.930,15.31
2026-10-03T13:33:54+00:00,84828.00,0.000660,97519.198,1.2287,1.9346,1.6433,,,,,,,,,,1.3400,101.930,15.31
2026-10-03T13:48:54+00:00,84864.32,0.000640,97747.004,1.2287,1.9346,1.6433,,,,,,,,,,1.4200,101.930,15.31
2026-10-03T14:03:55+00:00,84814.70,0.000400,97722.467,1.2257,1.9331,1.0886,,,,,,,,,,1.4000,101.930,15.31
2026-10-03T14:18:55+00:00,84808.01,0.000540,97664.038,1.2257,1.9331,1.0886,,,,,,,,,,1.3500,101.930,15.31
2026-10-03T14:33:55+00:00,84793.36,0.000900,97684.137,1.2257,1.9331,1.0886,,,,,,,,,,1.3400,101.930,15.31
2026-10-03T14:48:56+00:00,84838.70,0.000990,97640.352,1.2257,1.9331,1.0886,,,,,,,,,,1.3300,101.930,15.31
2026-10-03T15:03:56+00:00,84799.90,0.002200,97568.396,1.2212,1.9390,0.8020,,,,,,,,,,1.3100,101.930,15.31
2026-10-03T15:18:56+00:00,84838.65,0.002580,97590.007,1.2212,1.9390,0.8020,,,,,,,,,,1.3200,101.930,15.31
2026-10-03T15:33:57+00:00,84792.62,0.002830,97575.578,1.2212,1.9390,0.8020,,,,,,,,,,1.2900,101.930,15.31
2026-10-03T15:48:57+00:00,84845.30,0.003770,97602.876,1.2212,1.9390,0.8020,,,,,,,,,,1.2900,101.930,15.31
2026-10-03T16:03:57+00:00,84849.37,0.004720,97645.372,1.2217,1.9418,1.0711,,,,,,,,,,1.2900,101.930,15.31
2026-10-03T16:18:57+00:00,84814.19,0.005110,97673.275,1.2217,1.9418,1.0711,,,,,,,,,,1.2600,101.930,15.31
2026-10-03T16:33:58+00:00,84830.00,0.005590,97507.876,1.2217,1.9418,1.0711,,,,,,,,,,1.2800,101.930,15.31
2026-10-03T16:48:58+00:00,84859.22,0.006120,97411.615,1.2217,1.9418,1.0711,,,,,,,,,,1.2600,101.930,15.31
2026-10-03T17:03:58+00:00,84874.04,0.006200,97213.508,1.2222,1.9320,0.7274,,,,,,,,,,1.2700,101.930,15.31
2026-10-03T17:18:59+00:00,84918.74,0.005980,97161.829,1.2222,1.9320,0.7274,,,,,,,,,,1.2700,101.930,15.31
2026-10-03T17:33:59+00:00,84855.70,0.005880,97189.202,1.2222,1.9320,0.7274,,,,,,,,,,1.3100,101.930,15.31
2026-10-03T17:48:59+00:00,84935.00,0.006150,97126.522,1.2222,1.9320,0.7274,,,,,,,,,,1.4200,101.930,15.31
2026-10-03T18:03:59+00:00,85012.95,0.006090,97096.540,1.2346,1.9276,1.1862,,,,,,,,,,1.5300,101.930,15.31
2026-10-03T18:19:00+00:00,84972.09,0.005740,97098.282,1.2346,1.9276,1.1862,,,,,,,,,,1.5300,101.930,15.31
2026-10-03T18:33:00+00:00,84959.58,0.005120,97108.151,1.2346,1.9276,1.1862,,,,,,,,,,1.5500,101.930,15.31
2026-10-03T18:48:00+00:00,84944.00,0.004710,97116.030,1.2346,1.9276,1.1862,,,,,,,,,,1.5000,101.930,15.31
2026-10-03T19:03:01+00:00,84917.26,0.004160,97100.902,1.2272,1.9213,0.8877,,,,,,,,,,1.5600,101.930,15.31
2026-10-03T19:18:01+00:00,84855.20,0.003840,96944.541,1.2272,1.9213,0.8877,,,,,,,,,,1.2600,101.930,15.31
2026-10-03T19:33:01+00:00,84828.10,0.003280,96958.550,1.2272,1.9213,0.8877,,,,,,,,,,1.1900,101.930,15.31
2026-10-03T19:48:02+00:00,84754.00,0.002790,96778.733,1.2272,1.9213,0.8877,,,,,,,,,,1.1900,101.930,15.31
2026-10-03T20:03:02+00:00,84878.00,0.002620,96728.455,1.2173,1.9265,0.6086,,,,,,,,,,1.1300,101.930,15.31
2026-10-03T20:18:03+00:00,84881.92,0.002250,96703.190,1.2173,1.9265,0.6086,,,,,,,,,,1.2300,101.930,15.31
2026-10-03T20:33:03+00:00,84889.15,0.001980,96681.656,1.2173,1.9265,0.6086,,,,,,,,,,1.2900,101.930,15.31
2026-10-03T20:48:03+00:00,84858.46,0.001370,96694.651,1.2173,1.9265,0.6086,,,,,,,,,,1.2300,101.930,15.31
2026-10-03T21:03:04+00:00,84741.95,0.001230,97228.109,1.2222,1.8881,0.8153,,,,,,,,,,1.1700,101.930,15.31
2026-10-03T21:18:04+00:00,84716.01,0.001080,97571.556,1.2222,1.8881,0.8153,,,,,,,,,,1.0600,101.930,15.31
2026-10-03T21:33:04+00:00,84695.83,0.000940,97498.354,1.2222,1.8881,0.8153,,,,,,,,,,1.1100,101.930,15.31
2026-10-03T21:48:05+00:00,84739.57,0.000520,97452.725,1.2222,1.8881,0.8153,,,,,,,,,,1.0800,101.930,15.31
2026-10-03T22:03:05+00:00,84693.78,0.000320,97412.037,1.2153,1.8541,0.6236,,,,,,,,,,1.1400,101.930,15.31
2026-10-03T22:18:05+00:00,84756.01,0.000170,97407.847,1.2153,1.8541,0.6236,,,,,,,,,,1.2200,101.930,15.31
2026-10-03T22:33:06+00:00,84783.98,-0.000260,97315.526,1.2153,1.8541,0.6236,,,,,,,,,,1.2100,101.930,15.31
2026-10-03T22:48:06+00:00,84804.01,-0.000490,97331.280,1.2153,1.8541,0.6236,,,,,,,,,,1.3000,101.930,15.31
2026-10-03T23:03:06+00:00,84782.01,-0.000760,97303.876,1.2173,1.8542,1.2651,,,,,,,,,,1.3200,101.930,15.31
2026-10-03T23:18:07+00:00,84761.62,-0.001110,97280.714,1.2173,1.8542,1.2651,,,,,,,,,,1.2800,101.930,15.31
2026-10-03T23:33:07+00:00,84745.69,-0.001250,97399.883,1.2173,1.8542,1.2651,,,,,,,,,,1.2600,101.930,15.31
2026-10-03T23:48:07+00:00,84782.33,-0.001190,97385.840,1.2173,1.8542,1.2651,,,,,,,,,,1.2500,101.930,15.31
2026-10-04T00:03:08+00:00,84838.44,-0.001340,97692.596,1.2188,1.8515,0.7478,,,,,,,,,,1.2300,101.930,15.31
2026-10-04T00:18:08+00:00,84837.58,-0.000710,97263.142,1.2188,1.8515,0.7478,,,,,,,,,,1.2700,101.930,15.31
2026-10-04T00:33:08+00:00,84805.38,-0.000550,97180.188,1.2188,1.8515,0.7478,,,,,,,,,,1.3100,101.930,15.31
2026-10-04T00:48:09+00:00,84804.01,-0.000790,97153.143,1.2188,1.8515,0.7478,,,,,,,,,,1.2600,101.930,15.31
2026-10-04T01:03:09+00:00,84788.63,-0.000450,97061.926,1.2202,1.8422,1.2141,,,,,,,,,,1.2500,101.930,15.31
2026-10-04T01:18:09+00:00,84740.01,-0.000380,97031.345,1.2202,1.8422,1.2141,,,,,,,,,,1.2700,101.930,15.31
2026-10-04T01:33:10+00:00,84747.50,0.000140,97007.484,1.2202,1.8422,1.2141,,,,,,,,,,1.2700,101.930,15.31
2026-10-04T01:48:10+00:00,84774.86,0.000720,97015.878,1.2202,1.8422,1.2141,,,,,,,,,,1.3200,101.930,15.31
2026-10-04T02:03:10+00:00,84819.99,0.001050,97018.590,1.2207,1.8364,1.1013,,,,,,,,,,1.3100,101.930,15.31
2026-10-04T02:18:11+00:00,84818.01,0.001320,97024.568,1.2207,1.8364,1.1013,,,,,,,,,,1.3000,101.930,15.31
2026-10-04T02:33:11+00:00,84830.00,0.001590,97058.775,1.2207,1.8364,1.1013,,,,,,,,,,1.3400,101.930,15.31
2026-10-04T02:48:11+00:00,84781.06,0.001650,97082.619,1.2207,1.8364,1.1013,,,,,,,,,,1.3300,101.930,15.31
2026-10-04T03:03:12+00:00,84802.16,0.001720,97099.860,1.2212,1.8354,0.6920,,,,,,,,,,1.3100,101.930,15.31
2026-10-04T03:18:12+00:00,84800.04,0.001840,97105.123,1.2212,1.8354,0.6920,,,,,,,,,,1.3600,101.930,15.31
2026-10-04T03:33:12+00:00,84825.48,0.002080,97131.046,1.2212,1.8354,0.6920,,,,,,,,,,1.3500,101.930,15.31
2026-10-04T03:48:13+00:00,84870.00,0.002460,97150.654,1.2212,1.8354,0.6920,,,,,,,,,,1.3300,101.930,15.31
2026-10-04T04:03:13+00:00,84840.87,0.002340,97174.517,1.2237,1.8350,1.0775,,,,,,,,,,1.2900,101.930,15.31
2026-10-04T04:18:13+00:00,84808.11,0.002070,97177.716,1.2237,1.8350,1.0775,,,,,,,,,,1.2700,101.930,15.31
2026-10-04T04:33:14+00:00,84812.00,0.002190,97186.866,1.2237,1.8350,1.0775,,,,,,,,,,1.3000,101.930,15.31
2026-10-04T04:48:14+00:00,84812.01,0.002460,97209.408,1.2237,1.8350,1.0775,,,,,,,,,,1.3400,101.930,15.31
2026-10-04T05:03:14+00:00,84829.16,0.002560,97231.422,1.2257,1.8334,0.9162,,,,,,,,,,1.3300,101.930,15.31
2026-10-04T05:18:15+00:00,84831.39,0.002660,97241.070,1.2257,1.8334,0.9162,,,,,,,,,,1.2800,101.930,15.31
2026-10-04T05:33:15+00:00,84861.33,0.002820,97296.878,1.2257,1.8334,0.9162,,,,,,,,,,1.3100,101.930,15.31
2026-10-04T05:48:15+00:00,84916.01,0.003460,97400.526,1.2257,1.8334,0.9162,,,,,,,,,,1.2900,101.930,15.31
2026-10-04T06:03:16+00:00,84916.00,0.003810,97475.392,1.2297,1.8361,1.4364,,,,,,,,,,1.2600,101.930,15.31
2026-10-04T06:18:16+00:00,84925.58,0.003790,97506.927,1.2297,1.8361,1.4364,,,,,,,,,,1.2800,101.930,15.31
2026-10-04T06:33:16+00:00,85016.01,0.003530,97913.056,1.2297,1.8361,1.4364,,,,,,,,,,1.3900,101.930,15.31
2026-10-04T06:48:17+00:00,84992.55,0.003620,97895.746,1.2297,1.8361,1.4364,,,,,,,,,,1.4200,101.930,15.31
2026-10-04T07:03:17+00:00,85022.01,0.003800,98038.446,1.2237,1.8393,1.8352,,,,,,,,,,1.3500,101.930,15.31
2026-10-04T07:18:17+00:00,84948.77,0.003500,98058.346,1.2237,1.8393,1.8352,,,,,,,,,,1.3300,101.930,15.31
2026-10-04T07:33:18+00:00,84926.70,0.003460,98101.385,1.2237,1.8393,1.8352,,,,,,,,,,1.4300,101.930,15.31
2026-10-04T07:48:18+00:00,85000.00,0.003360,98108.643,1.2237,1.8393,1.8352,,,,,,,,,,1.4200,101.930,15.31
2026-10-04T08:03:18+00:00,85163.73,0.003530,98196.063,1.2252,1.8275,0.9716,,,,,,,,,,1.4300,101.930,15.31
2026-10-04T08:18:19+00:00,85147.99,0.003360,98246.397,1.2252,1.8275,0.9716,,,,,,,,,,1.4600,101.930,15.31
2026-10-04T08:33:19+00:00,85090.00,0.003320,98346.311,1.2252,1.8275,0.9716,,,,,,,,,,1.5000,101.930,15.31
2026-10-04T08:48:19+00:00,85114.00,0.003280,98422.965,1.2252,1.8275,0.9716,,,,,,,,,,1.3400,101.930,15.31
2026-10-04T09:03:20+00:00,85067.41,0.003280,98449.718,1.2202,1.8094,0.8096,,,,,,,,,,1.3000,101.930,15.31
2026-10-04T09:18:20+00:00,85162.00,0.003590,98448.604,1.2202,1.8094,0.8096,,,,,,,,,,1.3500,101.930,15.31
2026-10-04T09:33:21+00:00,85257.66,0.004110,98507.465,1.2202,1.8094,0.8096,,,,,,,,,,1.4600,101.930,15.31
2026-10-04T09:48:21+00:00,85316.00,0.003970,98505.976,1.2202,1.8094,0.8096,,,,,,,,,,1.4600,101.930,15.31
2026-10-04T10:03:21+00:00,85271.53,0.003870,98564.018,1.2193,1.7957,1.3764,,,,,,,,,,1.3500,101.930,15.31
2026-10-04T10:18:22+00:00,85309.98,0.003960,98617.486,1.2193,1.7957,1.3764,,,,,,,,,,1.2700,101.930,15.31
2026-10-04T10:33:22+00:00,85356.00,0.003900,98653.399,1.2193,1.7957,1.3764,,,,,,,,,,1.2200,101.930,15.31
2026-10-04T10:48:22+00:00,85320.37,0.003490,98719.249,1.2193,1.7957,1.3764,,,,,,,,,,1.1900,101.930,15.31
2026-10-04T11:03:23+00:00,85223.71,0.002780,98836.946,1.2090,1.7787,1.3764,,,,,,,,,,,101.930,15.31
2026-10-04T11:18:23+00:00,85277.26,0.002810,98896.455,1.2090,1.7787,1.0792,,,,,,,,,,,101.930,15.31
2026-10-04T11:33:23+00:00,85315.12,0.003090,98916.418,1.2090,1.7787,1.0792,,,,,,,,,,,101.930,15.31
2026-10-04T11:48:24+00:00,85280.93,0.002920,98915.290,1.2090,1.7787,1.0792,,,,,,,,,,,101.930,15.31
2026-10-04T12:03:24+00:00,85341.65,0.002910,98932.627,1.1959,1.7694,1.0792,,,,,,,,,,,101.930,15.31
2026-10-04T12:18:24+00:00,85230.00,0.002440,98963.198,1.1959,1.7694,0.6775,,,,,,,,,,,101.930,15.31
2026-10-04T12:33:25+00:00,85272.00,0.002660,99012.482,1.1959,1.7694,0.6775,,,,,,,,,,1.0700,101.930,15.31
2026-10-04T12:48:25+00:00,85160.01,0.002370,99002.938,1.1959,1.7694,0.6775,,,,,,,,,,1.0800,101.930,15.31
2026-10-04T13:03:25+00:00,85126.40,0.002570,98918.399,1.1725,1.7644,0.6586,,,,,,,,,,0.9600,101.930,15.31
2026-10-04T13:18:26+00:00,85187.10,0.002730,98911.905,1.1725,1.7644,0.6586,,,,,,,,,,0.8800,101.930,15.31
2026-10-04T13:33:26+00:00,85258.48,0.002720,98856.823,1.1725,1.7644,0.6586,,,,,,,,,,0.9500,101.930,15.31
2026-10-04T13:48:26+00:00,85273.55,0.002460,98889.254,1.1725,1.7644,0.6586,,,,,,,,,,1.0200,101.930,15.31
2026-10-04T13:50:37+00:00,85284.01,0.002500,98887.600,1.1725,1.7644,0.6586,-3677865,-17187197,-19622424,238554754,6773500,75825,90000,85000,,0.7800,101.930,15.31
2026-10-04T14:03:27+00:00,85228.01,0.002470,98905.313,1.1654,1.7600,1.0504,-4026742,-18693070,-18162647,235514431,5161152,75831,90000,85000,,0.8900,101.930,15.31
2026-10-04T14:18:27+00:00,85198.73,0.002470,98916.424,1.1654,1.7600,1.0504,-3220726,-21545198,-21667465,233465016,4114916,75851,90000,85000,,0.7600,101.930,15.31
2026-10-04T14:33:27+00:00,85182.97,0.002780,98878.238,1.1654,1.7600,1.0504,-4147681,-17589083,-21131586,232919781,3830303,75812,90000,85000,,0.9100,101.930,15.31
2026-10-04T14:48:28+00:00,85118.16,0.002650,98890.426,1.1654,1.7600,1.0504,-4493036,-19306648,-23181045,227960054,856456,75840,90000,85000,,0.9000,101.930,15.31
2026-10-04T15:03:28+00:00,85315.27,0.003680,98837.526,1.1441,1.7644,0.8085,-1943965,-15073802,-22400866,241568712,8960478,75861,90000,85000,,0.7800,101.930,15.31
2026-10-04T15:18:28+00:00,85358.37,0.003920,98825.619,1.1441,1.7644,0.8085,557093,-13073221,-25173550,244223306,10395119,75882,90000,85000,,0.6900,101.930,15.31
2026-10-04T15:33:29+00:00,85304.80,0.003880,98693.311,1.1441,1.7644,0.8085,152312,-14444350,-23994693,240406700,8195389,75897,90000,85000,,0.8900,101.930,15.31
2026-10-04T15:48:29+00:00,85372.01,0.003860,98705.749,1.1441,1.7644,0.8085,1921925,-13049002,-22906160,245016868,10919013,75901,90000,85000,,0.7500,101.930,15.31
2026-10-04T16:03:29+00:00,85200.01,0.003750,98601.942,1.1377,1.7608,1.2919,-2965907,-20515720,-26905030,233179774,3950199,75902,90000,85000,,1.0200,101.930,15.31
2026-10-04T16:18:30+00:00,85270.01,0.003950,98505.880,1.1377,1.7608,1.2919,-4545019,-13855934,-25743453,238879588,7378891,75892,90000,85000,,0.9000,101.930,15.31
2026-10-04T16:33:30+00:00,85276.00,0.004130,98493.779,1.1377,1.7608,1.2919,-3768262,-13993730,-25850553,239128083,7466682,75903,90000,85000,,0.8500,101.930,15.31
2026-10-04T16:48:30+00:00,85340.01,0.003950,98495.132,1.1377,1.7608,1.2919,-2328124,-10518433,-26486415,243090849,9850069,75895,90000,85000,,0.8500,101.930,15.31
2026-10-04T17:03:31+00:00,85368.01,0.003460,98560.188,1.1327,1.7546,1.0591,-94455,-9194359,-27491430,244087544,10378119,75920,90000,85000,,0.9400,101.930,15.31
2026-10-04T17:18:31+00:00,85326.00,0.003140,98533.509,1.1327,1.7546,1.0591,-923645,-7425443,-30637968,241830462,9075315,75882,90000,85000,,0.9700,101.930,15.31
2026-10-04T17:33:31+00:00,85405.46,0.003130,98539.363,1.1327,1.7546,1.0591,694215,-7133258,-30797261,246359544,11682549,75902,90000,85000,,0.8000,101.930,15.31
2026-10-04T17:48:32+00:00,85432.01,0.003160,98447.544,1.1327,1.7546,1.0591,-1401085,-6832981,-35486639,247645762,12425434,75906,90000,85000,,0.7400,101.930,15.31
2026-10-04T18:03:32+00:00,85332.89,0.002790,98477.539,1.1281,1.7568,0.6846,-1939098,-7126791,-40642993,241706481,9090685,75885,90000,85000,,0.9700,101.930,15.31
2026-10-04T18:18:32+00:00,85333.90,0.003140,98485.656,1.1281,1.7568,0.6846,-1081943,-5279542,-39928464,241491843,9019404,75880,90000,85000,,0.8900,101.930,15.31
2026-10-04T18:33:33+00:00,85332.31,0.003560,98542.263,1.1281,1.7568,0.6846,-2285717,-6100602,-40389017,241357535,8917922,75886,90000,85000,,0.8800,101.930,15.31
2026-10-04T18:48:33+00:00,85345.95,0.003830,98540.819,1.1281,1.7568,0.6846,-2117708,-4963821,-41521388,243014716,10057315,75893,90000,85000,,0.9600,101.930,15.31
2026-10-04T19:03:34+00:00,85360.02,0.003920,98500.304,1.1263,1.7589,1.0647,734000,-4775330,-39785188,244473481,11024682,75896,90000,85000,,0.9500,101.930,15.31
2026-10-04T19:18:34+00:00,85391.21,0.003990,98491.812,1.1263,1.7589,1.0647,1322017,-5882214,-40589198,245460804,11578446,75907,90000,85000,,0.9400,101.930,15.31
2026-10-04T19:33:34+00:00,85524.00,0.003980,98347.841,1.1263,1.7589,1.0647,2710175,-3153063,-37971701,253319895,16001095,75912,90000,85000,,0.7400,101.930,15.31
2026-10-04T19:48:35+00:00,85438.57,0.003800,98498.560,1.1263,1.7589,1.0647,1603109,-2862711,-36369052,248598257,13305827,75908,90000,85000,,0.8800,101.930,15.31
2026-10-04T20:03:35+00:00,85430.02,0.003910,98536.549,1.1299,1.7643,1.3112,-401657,-1490906,-37406736,247596914,12790116,75898,90000,85000,,0.8800,101.930,15.31
2026-10-04T20:18:35+00:00,85483.89,0.003660,98558.475,1.1299,1.7643,1.3112,258132,-1024012,-38071562,251670053,15157150,75895,90000,85000,,0.9000,101.930,15.31
2026-10-04T20:33:36+00:00,85464.01,0.003560,98581.740,1.1299,1.7643,1.3112,-825348,15904,-37472279,250655052,14561601,75905,90000,85000,,0.9900,101.930,15.31
2026-10-04T20:48:36+00:00,85849.58,0.004250,98631.422,1.1299,1.7643,1.3112,8326522,7179877,-26216102,270050233,24607524,75913,90000,80000,,0.7200,101.930,15.31
2026-10-04T21:03:36+00:00,85857.84,0.004460,98609.391,1.1173,1.7558,1.6475,8179914,6533342,-25025369,269247043,24161420,75877,90000,80000,,0.5900,101.930,15.31
2026-10-04T21:18:37+00:00,86032.11,0.004720,97844.970,1.1173,1.7558,1.6475,12631664,12573995,-16997225,275649285,26316236,75842,90000,80000,,0.7500,101.930,15.31
2026-10-04T21:33:37+00:00,85859.03,0.005130,97606.374,1.1173,1.7558,1.6475,9933666,10673678,-17867990,267599238,22482734,75763,90000,80000,,0.8500,101.930,15.31
2026-10-04T21:48:37+00:00,86009.44,0.005610,97594.584,1.1173,1.7558,1.6475,2537956,11347252,-16638324,275245237,26381246,75761,90000,80000,,0.7300,101.930,15.31
2026-10-04T22:03:38+00:00,86036.00,0.006010,96893.981,1.0912,1.8118,1.0380,11608891,19924796,-9119040,275416418,26368448,75757,90000,80000,,0.9500,101.930,15.31
2026-10-04T22:18:38+00:00,86648.99,0.006180,96439.116,1.0912,1.8118,1.0380,16583655,31102246,2024028,299198549,35280368,75690,90000,80000,,0.4500,101.930,15.31
2026-10-04T22:33:38+00:00,86397.51,0.006260,96367.385,1.0912,1.8118,1.0380,8529779,20638330,-3938592,289527032,31546624,75683,90000,80000,,0.6700,101.930,15.31
2026-10-04T22:48:39+00:00,86354.78,0.006430,96442.339,1.0912,1.8118,1.0380,3304610,15626876,-8055576,287644782,30912040,75679,90000,80000,,0.8500,101.930,15.31
2026-10-04T23:03:39+00:00,86396.00,0.006810,96588.472,1.0500,1.8107,0.9659,-9550157,10567402,-10210653,289302611,31660691,75719,90000,80000,,0.7000,101.930,15.31
2026-10-04T23:18:39+00:00,86548.01,0.007150,96778.742,1.0500,1.8107,0.9659,-19001896,11337959,-8516573,294748250,33648215,75690,90000,80000,,0.6500,101.930,15.31
2026-10-04T23:33:40+00:00,86630.01,0.007540,97626.819,1.0500,1.8107,0.9659,-4966826,12088861,-1807508,297205624,34388416,75676,90000,80000,,0.5600,101.930,15.31
2026-10-04T23:48:40+00:00,86529.90,0.007520,97473.226,1.0500,1.8107,0.9659,1476075,14479486,828693,293873751,33307684,75689,90000,80000,,0.7400,101.930,15.31
2026-10-05T00:03:40+00:00,86384.96,0.007450,97617.051,1.0153,1.8066,1.0568,2774635,14531579,-10634139,287573143,30472780,75670,90000,80000,,1.1000,101.930,15.31
2026-10-05T00:18:41+00:00,86430.01,0.007870,97739.924,1.0153,1.8066,1.0568,2206990,13666809,-11493180,289716189,31353243,75658,90000,80000,,0.8400,101.897,15.31
2026-10-05T00:33:41+00:00,86247.67,0.008000,97982.627,1.0153,1.8066,1.0568,-2015097,9554164,-13599778,283586190,29095124,75704,90000,80000,,0.9600,101.944,15.31
2026-10-05T00:48:41+00:00,86630.00,0.008290,98109.391,1.0153,1.8066,1.0568,-1528131,4771190,-12403721,298489647,34697502,75690,90000,80000,,0.5700,101.943,15.31
2026-10-05T01:03:42+00:00,86496.86,0.008290,98136.941,0.9833,1.8210,0.9636,-4549650,3120913,-10948048,292475237,32318204,75667,90000,80000,,0.7000,101.983,15.31
2026-10-05T01:18:42+00:00,86799.34,0.008820,98228.730,0.9833,1.8210,0.9636,-8413123,-7993093,-14107006,304771874,36403928,75625,90000,80000,,0.4800,101.996,15.31
2026-10-05T01:33:42+00:00,86756.00,0.008470,98532.240,0.9833,1.8210,0.9636,-15647223,-15091066,-26053550,303922726,36615581,75672,90000,80000,,0.7600,101.999,15.31
2026-10-05T01:48:43+00:00,86745.80,0.007090,98600.372,0.9833,1.8210,0.9636,-16098998,-13774504,-22931953,303500634,36868249,75687,90000,80000,,0.7500,101.998,15.31
2026-10-05T02:03:43+00:00,86611.42,0.007000,98517.797,0.9616,1.8040,0.9851,-14978441,-24166000,-27090594,299143179,35420091,75676,90000,80000,,0.9500,102.033,15.31
2026-10-05T02:18:43+00:00,86596.00,0.007320,98530.667,0.9616,1.8040,0.9851,-7435800,-32616721,-24299140,299657907,35896347,75688,90000,80000,,0.9400,102.068,15.31
2026-10-05T02:33:44+00:00,86479.71,0.007240,98209.323,0.9616,1.8040,0.9851,-9836733,-33548990,-36907586,295582286,34137805,75679,90000,80000,,1.2800,102.180,15.31
2026-10-05T02:48:44+00:00,86621.08,0.007640,98384.993,0.9616,1.8040,0.9851,-10880793,-25678745,-32918645,303422063,37838457,75701,90000,80000,,0.9400,102.203,15.31
2026-10-05T03:03:44+00:00,86511.99,0.006930,98442.548,0.9410,1.7953,0.8289,-9605465,-24675407,-34697238,299978383,36964507,75710,90000,80000,,1.2800,102.350,15.31
2026-10-05T03:18:45+00:00,86430.09,0.006640,98647.098,0.9410,1.7953,0.8289,-12637091,-26841924,-38353316,296807470,36057665,75726,90000,80000,,1.0900,102.500,15.31
2026-10-05T03:33:45+00:00,86376.01,0.007020,98651.508,0.9410,1.7953,0.8289,-2002676,-29066989,-40121351,295736693,36126851,75759,90000,80000,,1.0900,102.384,15.31
2026-10-05T03:48:45+00:00,86302.09,0.006990,98544.988,0.9410,1.7953,0.8289,-4377836,-32110429,-40725067,293726808,35889877,75769,90000,80000,,1.0600,102.428,15.31
2026-10-05T04:03:46+00:00,86092.62,0.006750,98666.793,0.9124,1.8183,0.7157,-5719378,-34116814,-41824825,285032061,32653069,75723,90000,80000,,1.1300,101.930,15.31
2026-10-05T04:18:46+00:00,85832.50,0.006750,98611.839,0.9124,1.8183,0.7157,-7368365,-36213445,-44535737,274057701,27538253,75710,90000,80000,,1.0400,102.454,15.31
2026-10-05T04:33:46+00:00,85616.05,0.007020,98578.761,0.9124,1.8183,0.7157,-19455620,-46792744,-58251952,262313990,21404746,75714,90000,85000,,0.7400,102.507,15.31
2026-10-05T04:48:47+00:00,85648.67,0.007240,98599.723,0.9124,1.8183,0.7157,-16207664,-46685078,-55888176,266590353,24468192,75745,90000,85000,,1.0200,102.454,15.31
2026-10-05T05:03:47+00:00,85485.01,0.007160,98788.924,0.9399,1.8431,0.8221,-12695298,-43004773,-54324550,255576832,18214084,75775,90000,85000,,1.0500,102.421,15.31
2026-10-05T05:18:47+00:00,85464.40,0.007170,98795.787,0.9399,1.8431,0.8221,-2991692,-30504535,-45156982,254988850,18162199,75771,90000,85000,,1.5200,102.365,15.31
2026-10-05T05:33:48+00:00,85560.00,0.007110,98598.175,0.9399,1.8431,0.8221,10931271,-19884938,-46614176,263430395,23577633,75855,90000,85000,,1.0200,102.346,15.31
2026-10-05T05:48:48+00:00,85726.01,0.006850,98182.567,0.9399,1.8431,0.8221,7992137,-24157138,-48282822,273632796,29892142,75817,90000,85000,,1.0500,102.344,15.31
2026-10-05T06:03:48+00:00,85892.01,0.006720,98131.065,0.9936,1.8557,1.4122,7968587,-20208063,-46835690,281578849,33718341,75807,90000,80000,,0.9100,102.344,15.31
2026-10-05T06:18:49+00:00,85988.01,0.006540,98003.876,0.9936,1.8557,1.4122,574859,-20955365,-46704907,285700561,35101162,75837,90000,80000,,0.7900,102.291,15.31
2026-10-05T06:33:49+00:00,85850.00,0.006220,97611.083,0.9936,1.8557,1.4122,-3372063,-14215242,-52697700,280457053,33693549,75888,90000,80000,,0.9500,102.287,15.31
2026-10-05T06:48:49+00:00,86176.01,0.005920,97732.650,0.9936,1.8557,1.4122,-1002128,-13790999,-48583291,291170775,36119007,75855,90000,80000,,0.7600,102.366,15.31
2026-10-05T07:03:50+00:00,86253.74,0.005510,97415.079,1.0092,1.8434,1.2494,-2313649,-13044843,-47603929,293028756,36147011,75814,90000,80000,,0.9500,102.316,15.31
2026-10-05T07:18:50+00:00,86381.96,0.005410,98074.492,1.0092,1.8434,1.2494,231346,-7601188,-43069019,298406867,38482150,75754,90000,80000,,0.9400,102.272,15.31
2026-10-05T07:33:50+00:00,86266.00,0.003860,98004.767,1.0092,1.8434,1.2494,4601080,-7615633,-42263299,293731740,36734008,75871,90000,80000,,0.9700,102.299,16.26
2026-10-05T07:48:51+00:00,86322.35,0.004240,97995.139,1.0092,1.8434,1.2494,2146430,-7992788,-44345243,296617541,37903872,75932,90000,80000,,0.8800,102.240,16.31
2026-10-05T08:03:51+00:00,86342.00,0.004290,98001.866,0.9897,1.8717,1.2670,-505806,-7545459,-45927478,285618300,26119886,75912,90000,80000,,0.8000,102.190,16.30
2026-10-05T08:18:51+00:00,86336.35,0.004560,97837.721,0.9897,1.8717,1.2670,-5515419,-6270958,-50102879,283452436,23166979,75904,90000,80000,,0.8300,102.230,16.23
2026-10-05T08:33:52+00:00,86417.67,0.004760,97739.479,0.9897,1.8717,1.2670,-5461732,6662044,-49920555,286782153,24167533,76002,90000,80000,,0.7900,102.199,16.15
2026-10-05T08:48:52+00:00,86095.90,0.004580,97580.091,0.9897,1.8717,1.2670,-5753728,1282558,-53503029,271214519,16458813,76022,90000,80000,,1.1200,102.171,16.17
2026-10-05T09:03:52+00:00,86176.00,0.005150,97588.717,0.9747,1.8624,0.9038,-14510024,-9334117,-62082372,276282887,19379889,76045,90000,80000,,0.8300,102.144,16.37
2026-10-05T09:18:53+00:00,85806.74,0.005260,97466.021,0.9747,1.8624,0.9038,-36917668,-41737109,-87445216,258380337,10743885,76059,90000,80000,,0.8800,102.134,16.23
2026-10-05T09:33:53+00:00,85858.00,0.005470,97405.986,0.9747,1.8624,0.9038,-40050337,-44877400,-93854415,260585893,11562388,76063,90000,80000,,1.3400,102.103,16.24
2026-10-05T09:48:53+00:00,85970.01,0.005280,97223.469,0.9747,1.8624,0.9038,-37947277,-42739841,-92302052,266153208,14728826,76081,90000,80000,,0.9200,102.121,16.26
2026-10-05T10:03:54+00:00,86048.86,0.005150,97215.667,0.9841,1.8461,0.8268,-21473358,-40491707,-89545743,271647402,17750828,76112,90000,80000,,0.7800,102.193,16.30
2026-10-05T10:18:54+00:00,86068.77,0.005310,97235.235,0.9841,1.8461,0.8268,3428311,-39706992,-88872163,273133913,18673780,76111,90000,80000,,0.9600,102.176,16.30
2026-10-05T10:33:54+00:00,86060.00,0.005500,97236.897,0.9841,1.8461,0.8268,7471135,-34478535,-84794796,273824146,19556255,76097,90000,80000,,1.0200,102.218,16.30
2026-10-05T10:48:55+00:00,86125.44,0.004900,97049.938,0.9841,1.8461,0.8268,4429786,-36061922,-85122054,277576543,21511595,76067,90000,80000,,0.9700,102.203,16.31
2026-10-05T11:03:55+00:00,86006.13,0.004460,97073.890,0.9976,1.8493,1.2231,153380,-37619516,-83461596,269088540,16687802,76087,90000,80000,,0.8700,102.223,16.27
2026-10-05T11:18:55+00:00,86009.88,0.004140,96927.601,0.9976,1.8493,1.2231,-1176359,-40535184,-81818825,270848585,17680994,76086,90000,80000,,1.0600,102.243,16.26
2026-10-05T11:33:56+00:00,86161.59,0.004300,96897.265,0.9976,1.8493,1.2231,488146,-38969049,-82046823,278379501,21434582,76089,90000,80000,,1.0400,102.250,16.19
2026-10-05T11:48:56+00:00,86066.00,0.003840,96923.504,0.9976,1.8493,1.2231,-1304103,-38132771,-82264961,273272379,18734827,76082,90000,80000,,1.0300,102.234,16.12
2026-10-05T12:03:56+00:00,86164.01,0.003730,96906.393,1.0016,1.8374,0.9590,2095381,-36140775,-84998419,278740861,21603812,76099,90000,80000,,0.9600,102.240,16.17
2026-10-05T12:18:57+00:00,86110.56,0.003280,96921.201,1.0016,1.8374,0.9590,-407708,-35284402,-79287850,275627900,19886073,76115,90000,80000,,1.1200,102.222,16.13
2026-10-05T12:33:57+00:00,85980.00,0.002670,96877.958,1.0016,1.8374,0.9590,-3701962,-36939506,-81136761,268593242,16534229,76113,90000,80000,,0.8800,102.267,16.11
2026-10-05T12:48:57+00:00,85863.89,0.001920,96870.424,1.0016,1.8374,0.9590,-5161032,-39298683,-81054497,262177647,13180671,76089,90000,80000,,1.0400,102.211,16.11
2026-10-05T13:03:58+00:00,86068.00,0.001320,96883.834,0.9960,1.8308,0.7774,-6039762,-25870858,-79276915,274260410,19308980,76156,90000,80000,,1.0000,102.221,16.19
2026-10-05T13:18:58+00:00,86178.00,0.001780,96868.626,0.9960,1.8308,0.7774,-5035855,-2817146,-76793149,280051549,22046829,76199,90000,80000,,0.9400,102.240,16.14
2026-10-05T13:33:58+00:00,85964.00,0.001880,96772.288,0.9960,1.8308,0.7774,-7530284,-4587919,-83412448,269028420,16011332,76160,90000,80000,,2.0800,102.251,16.03
2026-10-05T13:48:59+00:00,86298.02,0.001780,96761.705,0.9960,1.8308,0.7774,2228982,341338,-74396889,288619849,26157540,76046,90000,80000,,1.0000,102.346,15.92
2026-10-05T14:03:59+00:00,86323.98,0.001740,97190.257,0.9853,1.8184,1.3380,-1828595,-6714326,-77199465,289323596,26551748,75996,90000,80000,,0.6500,102.360,15.87
2026-10-05T14:18:59+00:00,86478.19,0.001990,97238.613,0.9853,1.8184,1.3380,6105015,-620867,-67633019,296587577,30235867,76006,90000,80000,,0.8700,102.322,15.76
2026-10-05T14:34:00+00:00,85671.61,0.001710,96802.101,0.9853,1.8184,1.3380,-24299425,-36016323,-103954631,251788304,6306409,76011,90000,80000,,2.3000,102.359,15.63
2026-10-05T14:48:00+00:00,85661.93,0.000590,96126.819,0.9853,1.8184,1.3380,-42096007,-45766898,-111756828,251942238,6407515,75973,90000,80000,,1.4300,102.325,15.62
2026-10-05T15:03:00+00:00,85540.01,-0.000080,96159.812,1.0329,1.7559,0.7719,-44690800,-50753374,-120297361,244259426,1942588,76130,90000,80000,,1.2200,102.229,15.53
2026-10-05T15:18:01+00:00,85536.01,-0.000410,96048.864,1.0329,1.7559,0.7719,-55778074,-55821208,-125390434,244659233,1961575,76130,90000,80000,,1.0500,102.141,15.54
2026-10-05T15:33:01+00:00,85339.52,-0.000930,95792.317,1.0329,1.7559,0.7719,-21953179,-63683767,-130893098,232583214,-4956163,76143,90000,80000,,1.4200,102.206,15.55
2026-10-05T15:48:01+00:00,85402.12,-0.001420,95715.724,1.0329,1.7559,0.7719,-22390721,-68257928,-135961083,237571444,-2101060,76118,90000,80000,,1.3400,102.191,15.58
2026-10-05T16:03:02+00:00,85218.92,-0.001460,95815.389,1.0467,1.7674,0.7719,-17611842,-71063338,-135200587,226549160,-8497108,76156,90000,80000,,1.3900,102.187,15.60
2026-10-05T16:18:02+00:00,85146.80,-0.001480,95795.873,1.0467,1.7674,0.9452,-15847555,-71620725,-136876221,221379904,-11620274,76154,90000,80000,,1.4200,102.218,15.54
2026-10-05T16:33:03+00:00,85209.21,-0.001120,95735.332,1.0467,1.7674,0.9452,-11591180,-71754129,-139808819,226638175,-9442140,76146,90000,80000,,1.2600,102.241,15.54
2026-10-05T16:48:03+00:00,85190.19,-0.001440,95617.148,1.0467,1.7674,0.9452,-8253652,-71687916,-142881891,225427974,-10201325,76182,90000,80000,,1.3200,102.243,15.51
2026-10-05T17:03:03+00:00,85250.01,-0.001190,95386.404,1.0890,1.7827,0.9452,-5690749,-71489106,-141672284,227674155,-9084377,76205,90000,85000,,1.1600,102.238,15.50
2026-10-05T17:18:04+00:00,85338.29,-0.001090,95281.679,1.0890,1.7827,0.9564,-2868481,-69738720,-139279155,234777250,-5113725,76269,90000,85000,,1.1300,102.277,15.50
2026-10-05T17:33:04+00:00,85342.69,-0.000130,95071.969,1.0890,1.7827,0.9564,-81575,-64821072,-140661393,234295630,-5912701,76305,90000,85000,,0.9600,102.261,15.50
2026-10-05T17:48:05+00:00,85265.23,-0.000110,95025.224,1.0890,1.7827,0.9564,-1536041,-75072729,-141887437,229024994,-9093515,76309,90000,85000,,1.1100,102.255,15.54
2026-10-05T18:03:05+00:00,85472.00,0.000160,94939.355,1.1286,1.7849,0.9564,-549766,-69932230,-140029460,241621444,-1366135,76342,90000,85000,,0.8500,102.247,15.56
2026-10-05T18:18:05+00:00,85494.01,0.000420,95000.090,1.1286,1.7849,0.9533,-2893518,-78738813,-141146944,245346673,662668,76359,90000,85000,,0.8900,102.168,15.57
2026-10-05T18:33:06+00:00,85552.01,0.000590,94943.993,1.1286,1.7849,0.9533,-639319,-36663415,-139740095,248532920,2672741,76378,90000,85000,,1.0900,102.210,15.60
2026-10-05T18:48:06+00:00,85613.78,0.000530,94951.607,1.1286,1.7849,0.9533,-114227,-31672644,-140777187,252969113,5442111,76355,90000,85000,,0.8700,102.189,15.60
2026-10-05T19:03:06+00:00,85571.37,0.000530,94877.672,1.1459,1.7916,0.9533,-1274731,-27640833,-144140329,249871925,3485456,76364,90000,85000,,0.9600,102.180,15.58
2026-10-05T19:18:07+00:00,85677.66,0.000900,94821.433,1.1459,1.7916,1.3303,-3005045,-25923094,-145669616,257962940,8751168,76392,90000,85000,,0.9200,102.174,15.59
2026-10-05T19:33:07+00:00,85764.46,0.000710,94734.673,1.1459,1.7916,1.3303,-5104773,-18162276,-147221167,264831243,13412519,76371,90000,80000,,0.6000,102.148,15.62
2026-10-05T19:48:08+00:00,85676.38,0.000090,94699.718,1.1459,1.7916,1.3303,-5921733,-13997402,-147478997,258857850,9527027,76350,90000,85000,,0.9900,102.141,15.60
2026-10-05T20:03:08+00:00,85701.49,-0.000140,94704.614,1.1313,1.7793,1.3303,-4765819,-14254254,-148589216,259661939,9978156,76306,90000,85000,,0.7900,102.150,15.55
2026-10-05T20:18:08+00:00,85754.33,0.000210,94699.267,1.1313,1.7793,0.9720,-3933009,-12949581,-149302586,264432363,13342289,76283,90000,85000,,0.8600,102.145,15.52
2026-10-05T20:33:08+00:00,85775.84,0.000240,94664.907,1.1313,1.7793,0.9720,-2557158,-8775978,-150095808,265231657,13585121,76308,90000,80000,,0.5800,102.156,15.52
2026-10-05T20:48:09+00:00,85823.48,0.000220,94642.587,1.1313,1.7793,0.9720,-2631917,-9097358,-158258049,270571868,17119283,76290,90000,80000,,0.6500,102.142,15.52
2026-10-05T21:03:09+00:00,85727.04,0.000120,94522.039,1.1304,1.7842,0.9720,-2794228,-11286251,-159081850,261919557,11274442,76289,90000,85000,,1.0400,102.124,15.52
2026-10-05T21:18:10+00:00,85787.48,-0.000030,94507.514,1.1304,1.7842,1.0389,-2376907,-12156091,-164928108,266010975,14046736,76285,90000,80000,,0.6200,102.119,15.52
2026-10-05T21:33:10+00:00,85832.00,-0.000370,94476.812,1.1304,1.7842,1.0389,-2700283,-10626583,-161835910,271201006,17668403,76299,90000,80000,,0.6300,102.124,15.52
2026-10-05T21:48:10+00:00,85890.63,-0.000690,94511.242,1.1304,1.7842,1.0389,-2483982,-9771849,-162757074,275704144,20822545,76305,90000,80000,,0.5000,102.125,15.52
2026-10-05T22:03:11+00:00,85954.01,-0.000780,94483.222,1.1218,1.7850,1.0389,1779956,-7222777,-170205933,280306982,23786496,76327,90000,80000,,1.0500,102.119,15.52
2026-10-05T22:18:11+00:00,85971.60,-0.001070,94492.491,1.1218,1.7850,0.8960,153529,-8628786,-181633211,282111275,25029399,76317,90000,80000,,1.0300,102.102,15.52
2026-10-05T22:33:11+00:00,85944.73,-0.001440,94568.886,1.1218,1.7850,0.8960,8504206,-1807670,-160979750,279318443,23260274,76309,90000,80000,,1.4800,102.102,15.52
2026-10-05T22:48:12+00:00,85952.00,-0.001590,94434.607,1.1218,1.7850,0.8960,5989714,-2966848,-157527523,279922020,23789775,76340,90000,80000,,1.2600,102.102,15.52
2026-10-05T23:03:12+00:00,85999.99,-0.001610,94430.498,1.1110,1.7817,0.7568,6664065,438421,-155141920,284464862,26872731,76361,90000,80000,,1.1000,102.102,15.52
2026-10-05T23:18:12+00:00,85887.64,-0.001910,94284.821,1.1110,1.7817,0.7568,6066832,246133,-156583263,274765273,20063634,76352,90000,80000,,1.4200,102.102,15.52
2026-10-05T23:33:13+00:00,85870.90,-0.001840,94267.914,1.1110,1.7817,0.7568,-3058470,744788,-158363122,272739102,18678463,76362,90000,80000,,1.2900,102.102,15.52
2026-10-05T23:48:13+00:00,85742.00,-0.002430,94243.770,1.1110,1.7817,0.7568,-2341131,176473,-161748980,261964512,11276719,76373,90000,85000,,1.2400,102.142,15.52
2026-10-06T00:03:13+00:00,85830.01,-0.002490,94325.031,1.0859,1.7755,0.7775,-4079906,1979305,-161978880,272255255,18687249,76385,90000,80000,,1.2000,102.147,15.52
2026-10-06T00:18:14+00:00,85902.01,-0.002150,94344.066,1.0859,1.7755,0.7775,-1875780,2465851,-160505380,277938122,22710183,76363,90000,80000,,1.1800,102.172,15.52
2026-10-06T00:33:14+00:00,85898.00,-0.001950,94328.063,1.0859,1.7755,0.7775,-5853841,-2495831,-162187616,277026221,22421202,76385,90000,80000,,0.8400,102.163,15.52
2026-10-06T00:48:14+00:00,85813.60,-0.002180,94381.194,1.0859,1.7755,0.7775,-5465104,-3110131,-165707717,268650032,16143226,76403,90000,80000,,0.8200,102.165,15.52
2026-10-06T01:03:15+00:00,86100.00,-0.001740,94403.207,1.0803,1.7701,0.9522,3243367,7958288,-154840043,296713281,36493642,76398,90000,80000,,0.3400,102.144,15.52
2026-10-06T01:18:15+00:00,85874.41,-0.001380,94471.225,1.0803,1.7701,0.9522,3265337,7507677,-149098141,272673024,18958936,76432,90000,85000,,0.9100,102.091,15.52
2026-10-06T01:33:15+00:00,85895.92,-0.001640,94504.987,1.0803,1.7701,0.9522,7084773,6123126,-139648573,275359225,20968218,76428,90000,80000,,0.8600,102.078,15.52
2026-10-06T01:48:16+00:00,85733.13,-0.001960,94566.068,1.0803,1.7701,0.9522,2314001,26144,-148693142,261634525,11136945,76372,90000,85000,,1.0300,102.081,15.52
2026-10-06T02:03:16+00:00,85594.00,-0.001890,94545.403,1.0653,1.7384,0.8216,-9310068,-1707992,-148444034,246623108,210535,76343,90000,85000,,1.0000,102.116,15.52
2026-10-06T02:18:16+00:00,85508.01,-0.001530,94551.308,1.0653,1.7384,0.8216,-9852913,-3088782,-151534045,239029209,-5053616,76356,90000,85000,,1.0800,102.150,15.52
2026-10-06T02:33:17+00:00,85625.99,-0.000590,94485.867,1.0653,1.7384,0.8216,-6210279,-9906132,-138146471,250731967,3277895,76389,90000,85000,,1.0000,102.165,15.52
2026-10-06T02:48:17+00:00,85539.98,-0.000190,94547.387,1.0653,1.7384,0.8216,-3397977,-9324755,-141000011,242043473,-2926686,76397,90000,85000,,1.1600,102.177,15.52
2026-10-06T03:03:18+00:00,85588.00,-0.000030,94561.479,1.0619,1.7474,0.9374,107801,-9724473,-139226011,246534882,250688,76403,90000,85000,,0.8500,102.182,15.52
2026-10-06T03:18:18+00:00,85576.01,0.000040,94580.522,1.0619,1.7474,0.9374,785455,-7900839,-137685359,245580103,-552020,76401,90000,85000,,0.9200,102.197,15.52
2026-10-06T03:33:18+00:00,85328.21,0.000250,94797.834,1.0619,1.7474,0.9374,-2197761,-9362432,-138359082,220651245,-18081279,76411,90000,85000,,1.4700,102.162,15.52
2026-10-06T03:48:19+00:00,85525.59,0.001140,94843.683,1.0619,1.7474,0.9374,-1742996,-8765767,-138530966,239262065,-5217116,76428,90000,85000,,0.9800,102.141,15.52
2026-10-06T04:03:19+00:00,85576.00,0.001370,94802.680,1.0636,1.7326,0.6634,-1632230,-7148227,-134922162,241750536,-3585087,76455,90000,85000,,0.9400,102.170,15.52
2026-10-06T04:18:19+00:00,85604.01,0.001790,94741.254,1.0636,1.7326,0.6634,-1905834,-7433751,-132284386,245142396,-1533995,76487,90000,85000,,0.8900,102.152,15.52
2026-10-06T04:33:20+00:00,85595.08,0.001970,94730.370,1.0636,1.7326,0.6634,-1129840,-3400280,-119317417,241977989,-4286986,76494,90000,85500,,0.9700,102.166,15.52
2026-10-06T04:48:20+00:00,85580.01,0.001980,94541.687,1.0636,1.7326,0.6634,-2655114,-5865794,-124723661,238005707,-7700733,76508,90000,85500,,0.8200,102.166,15.52
2026-10-06T05:03:20+00:00,85587.60,0.002090,94560.639,1.0764,1.7478,1.0317,-1825939,-13169618,-124126934,239665683,-6486712,76518,90000,85500,,0.9500,102.171,15.52
2026-10-06T05:18:21+00:00,85694.60,0.002190,94468.550,1.0764,1.7478,1.0317,-383063,-11043730,-131194638,251173652,2485568,76544,90000,85500,,0.9000,102.189,15.52
2026-10-06T05:33:21+00:00,85682.00,0.002230,94456.782,1.0764,1.7478,1.0317,3933619,-8187709,-129280722,250513725,1684669,76570,90000,85500,,1.0700,102.199,15.52
2026-10-06T05:48:21+00:00,85558.01,0.001880,94542.821,1.0764,1.7478,1.0317,2871302,-4992741,-129805904,234276912,-10997827,76569,90000,85500,,1.2100,102.186,15.52
2026-10-06T06:03:22+00:00,85428.57,0.001720,94547.098,1.0833,1.7543,1.1344,-2522047,-5545768,-134148386,220994930,-20476853,76570,90000,85500,,1.5900,102.205,15.52
2026-10-06T06:18:22+00:00,85264.07,0.001310,95251.727,1.0833,1.7543,1.1344,-8309588,-9910566,-140548846,212648034,-24118095,76543,90000,85000,,1.5800,102.251,15.52
2026-10-06T06:33:22+00:00,85287.84,0.001130,95352.710,1.0833,1.7543,1.1344,-8282143,-10073762,-134018370,213755930,-23571708,76541,90000,85000,,1.7400,102.244,15.52
2026-10-06T06:48:23+00:00,85374.71,0.000750,95272.021,1.0833,1.7543,1.1344,-3877485,-5503238,-132151990,216775864,-22801396,76562,90000,85000,,1.3500,102.261,15.52
2026-10-06T07:03:23+00:00,85288.02,0.000290,95249.781,1.1026,1.7336,0.6582,-2774931,-8777142,-135027421,213386585,-23884133,76551,90000,85000,,1.4200,102.233,15.52
2026-10-06T07:18:23+00:00,85366.50,0.000260,95224.763,1.1026,1.7336,0.6582,1488569,-9368457,-138991471,216207966,-23333486,76555,90000,85000,,1.1900,102.281,15.52
2026-10-06T07:33:24+00:00,85400.00,-0.000480,95304.618,1.1026,1.7336,0.6582,2782033,-5216470,-135527823,217754554,-23021694,76560,90000,85500,,1.2100,102.181,15.50
2026-10-06T07:48:24+00:00,85561.36,-0.000950,95176.771,1.1026,1.7336,0.6582,8929821,5009761,-124095072,221923460,-22747405,76594,90000,85500,,0.9400,102.149,15.51
2026-10-06T08:03:24+00:00,85613.93,-0.001610,95043.984,1.1195,1.7283,1.0625,-4764759,-8506321,-135983223,257730662,12929692,76633,90000,80000,,0.6500,102.060,15.48
2026-10-06T08:18:25+00:00,85784.01,-0.002450,94411.233,1.1195,1.7283,1.0625,5124769,-2446158,-128438291,268670775,17452417,76647,90000,80000,,0.7900,102.108,15.47
2026-10-06T08:33:25+00:00,85868.68,-0.003030,94428.559,1.1195,1.7283,1.0625,-1678431,-1424022,-129811300,274102861,20346210,76682,90000,80000,,0.8900,102.112,15.45
2026-10-06T08:48:25+00:00,85993.17,-0.003270,94513.535,1.1195,1.7283,1.0625,-10172757,-2063455,-129948098,281819366,24011348,76689,90000,80000,,0.8400,102.026,15.46
2026-10-06T09:03:26+00:00,86024.82,-0.003590,94446.593,1.0838,1.6946,1.2950,1781532,-5006146,-117614136,282737841,24596157,76697,90000,80000,,0.7600,102.031,15.44
2026-10-06T09:18:26+00:00,85977.20,-0.004140,94533.425,1.0838,1.6946,1.2950,-10091475,-12056115,-101160069,279851529,22416751,76705,90000,80000,,0.7600,102.036,15.43
2026-10-06T09:33:26+00:00,85942.01,-0.004020,94484.047,1.0838,1.6946,1.2950,-7759151,-12827354,-96613911,277122699,21129711,76698,90000,80000,,0.8300,102.055,15.42
2026-10-06T09:48:27+00:00,85987.20,-0.003460,94502.662,1.0838,1.6946,1.2950,-9413336,-14767924,-102550722,280631148,23187907,76729,90000,80000,,0.8600,102.016,15.41
2026-10-06T10:03:27+00:00,86050.64,-0.003730,94323.028,1.0665,1.6855,0.9968,-8627142,-11365666,-105845260,282690131,23993917,76731,90000,80000,,0.8500,102.011,15.42
2026-10-06T10:18:27+00:00,86094.00,-0.003590,94422.410,1.0665,1.6855,0.9968,-3855561,-6838810,-107960024,286138663,25935918,76726,90000,80000,,0.6000,101.983,15.43
2026-10-06T10:33:28+00:00,86110.11,-0.003490,94563.936,1.0665,1.6855,0.9968,-3133830,-9077302,-107929963,286472288,26274639,76650,90000,80000,,0.5500,102.001,15.40
2026-10-06T10:48:28+00:00,86196.00,-0.003340,94638.908,1.0665,1.6855,0.9968,-1383239,-11925585,-108121810,291849866,28716816,76655,90000,80000,,0.4300,101.998,15.38
2026-10-06T11:03:28+00:00,86199.31,-0.003220,94766.319,1.0509,1.6622,0.9793,672286,-12243756,-105226065,291250305,28347646,76611,90000,80000,,0.5100,102.003,15.36
2026-10-06T11:18:29+00:00,86360.60,-0.003020,94511.220,1.0509,1.6622,0.9793,3778510,-4600727,-103287093,299594530,32490373,76567,90000,80000,,0.3400,102.013,15.34
2026-10-06T11:33:29+00:00,86296.01,-0.002800,94608.700,1.0509,1.6622,0.9793,4441636,-9364917,-104260241,296546008,30835347,76534,90000,80000,,0.4100,101.888,15.29
2026-10-06T11:48:29+00:00,86317.40,-0.002300,94729.829,1.0509,1.6622,0.9793,5370020,-15206693,-100844383,296719321,31277272,76525,90000,80000,,0.3300,101.871,15.32
2026-10-06T12:03:30+00:00,86282.78,-0.001930,94736.165,1.0202,1.6692,1.0786,3826724,-4216701,-103781273,295179337,30532959,76497,90000,80000,,0.3600,101.782,15.32
2026-10-06T12:18:30+00:00,86276.01,-0.001440,94495.136,1.0202,1.6692,1.0786,1539204,-8961440,-102248743,295863271,30296421,76394,90000,80000,,0.3400,101.802,15.32
2026-10-06T12:33:30+00:00,86195.99,-0.000830,94324.735,1.0202,1.6692,1.0786,-64769,-7905022,-99702147,291480291,28056635,76285,90000,80000,0.0079,0.4700,101.802,15.30
2026-10-06T12:48:31+00:00,86197.88,-0.000280,94345.847,1.0202,1.6692,1.0786,-2226356,-6778189,-98027930,290402864,27338131,76305,90000,80000,-0.0022,0.4400,101.843,15.33
2026-10-06T13:03:31+00:00,86174.59,0.000140,94355.111,0.9956,1.6974,0.9187,-775651,-6473746,-98806132,289584199,26910658,76326,90000,80000,-0.0029,0.4900,101.870,15.32
2026-10-06T13:18:32+00:00,86014.12,0.000660,94236.898,0.9956,1.6974,0.9187,-2729374,-2633516,-100012097,280318527,22108814,76337,90000,80000,0.0003,1.0000,101.826,15.30
2026-10-06T13:33:32+00:00,86166.01,0.001370,94469.641,0.9956,1.6974,0.9187,134852,1176827,-91902408,290252149,27647333,76397,90000,80000,-0.0116,0.4800,101.872,15.35
2026-10-06T13:48:32+00:00,86392.00,0.001850,94545.663,0.9956,1.6974,0.9187,8586579,10620503,-92447177,303296020,34609826,76523,90000,80000,0.0018,0.3400,101.900,15.37
2026-10-06T14:03:33+00:00,86316.00,0.002000,94714.234,0.9654,1.7012,1.1400,8720932,11623917,-88211860,299097443,33013230,76575,90000,80000,0.0030,0.3500,101.944,15.39
2026-10-06T14:18:33+00:00,86135.60,0.002290,94604.389,0.9654,1.7012,1.1400,8919514,11171459,-95851010,288226529,27415659,76649,90000,80000,-0.0018,0.6000,101.888,15.53
2026-10-06T14:33:33+00:00,86084.11,0.002510,94588.489,0.9654,1.7012,1.1400,1616729,8190172,-58781117,286131357,26416341,76688,90000,80000,0.0111,0.6200,101.932,15.43
2026-10-06T14:48:34+00:00,86279.98,0.002860,94636.993,0.9654,1.7012,1.1400,-3013077,8475847,-51871349,298068958,33101548,76741,90000,80000,0.0039,0.3400,101.926,15.37
2026-10-06T15:03:34+00:00,86619.11,0.003420,95069.117,0.9482,1.6870,1.2633,16370386,27822845,-26333657,318879503,44610339,76686,90000,80000,0.0021,0.4200,101.866,15.41
2026-10-06T15:18:34+00:00,86564.15,0.003700,95329.761,0.9482,1.6870,1.2633,13601390,21568370,-26446407,315943740,43363182,76626,90000,80000,0.0119,0.5000,101.845,15.36
2026-10-06T15:33:35+00:00,86380.00,0.003300,94900.728,0.9482,1.6870,1.2633,10783573,14797787,-24676642,307777555,39948579,76684,90000,80000,-0.0389,0.5500,101.811,15.33
2026-10-06T15:48:35+00:00,86062.01,0.003120,95570.908,0.9482,1.6870,1.2633,5839293,9741366,-22625944,287340558,28319350,76725,90000,80000,0.0151,1.1200,101.777,15.31
2026-10-06T16:03:35+00:00,85826.54,0.002190,95421.775,0.9234,1.6368,0.6979,-11055847,11982359,-20249765,272331828,19468213,76629,90000,85000,0.0004,1.2400,101.802,15.25
2026-10-06T16:18:36+00:00,85743.86,0.001770,95541.541,0.9234,1.6368,0.6979,-13239253,5445851,-24966634,265505982,15245596,76674,90000,85000,0.0011,1.3800,101.847,15.18
2026-10-06T16:33:36+00:00,85665.68,0.001450,96054.119,0.9234,1.6368,0.6979,-10752417,4198951,-23098813,260243817,12043946,76717,90000,85000,0.0032,1.7300,101.860,15.14
2026-10-06T16:48:36+00:00,85664.01,0.001400,96116.276,0.9234,1.6368,0.6979,-4692874,6716939,-20780129,261184986,12528200,76745,90000,85000,-0.0023,1.3400,101.883,15.04
2026-10-06T17:03:37+00:00,85593.26,0.000850,96089.495,0.9806,1.6229,0.9461,-5914578,7302980,-20247348,256347750,9795427,76763,90000,85000,0.0008,1.4300,101.882,15.05
2026-10-06T17:18:37+00:00,85505.68,0.000410,96051.012,0.9806,1.6229,0.9461,483129,8089079,-20836150,251020421,6649766,76779,90000,85000,0.0040,1.8600,101.856,15.11
2026-10-06T17:33:38+00:00,85595.39,-0.000010,95906.693,0.9806,1.6229,0.9461,3842348,5555962,-18817790,257681713,10287416,76801,90000,85000,0.0132,1.4000,101.883,15.16
2026-10-06T17:48:38+00:00,85552.83,-0.000450,96129.603,0.9806,1.6229,0.9461,-254970,-2605712,-19905567,254154125,7903695,76817,90000,85000,0.0168,1.6900,101.844,15.13
2026-10-06T18:03:38+00:00,85806.00,-0.000550,96189.467,1.0429,1.6037,1.0013,-1203263,-2575686,-18913627,271749881,18357717,76859,90000,85000,-0.0072,0.9000,101.824,15.09
2026-10-06T18:18:39+00:00,85759.97,-0.000850,95909.990,1.0429,1.6037,1.0013,571056,127529,-17002219,268081236,16087148,76866,90000,85000,-0.0097,1.1900,101.808,15.03
2026-10-06T18:33:39+00:00,85650.00,-0.001710,95824.701,1.0429,1.6037,1.0013,-2096771,1809102,-20593611,260272555,11386398,76866,90000,85000,0.0225,1.4300,101.832,15.08
2026-10-06T18:48:39+00:00,85526.00,-0.002350,95705.781,1.0429,1.6037,1.0013,-2625034,-2406552,-22796120,251539563,6029361,76837,90000,85000,0.0031,1.8700,101.857,15.05
2026-10-06T19:03:40+00:00,85505.82,-0.002750,95632.347,1.0695,1.6280,1.0759,-952015,-19468076,-19173559,251475021,6067955,76826,90000,85000,0.0052,1.8100,101.857,15.02
2026-10-06T19:18:40+00:00,85452.21,-0.002750,95516.936,1.0695,1.6280,1.0759,-2420393,-15643702,-18354511,247246765,3613283,76828,90000,85000,-0.0051,1.5400,101.839,15.03
2026-10-06T19:33:40+00:00,85584.41,-0.002970,95554.068,1.0695,1.6280,1.0759,-36864,-9421999,-15549575,256443402,9213830,76822,90000,85000,-0.0079,1.1500,101.832,15.07
2026-10-06T19:48:41+00:00,85632.01,-0.003050,95550.344,1.0695,1.6280,1.0759,4171219,-3070960,-12692776,260741091,11702223,76839,90000,85000,0.0066,1.0500,101.857,15.07
2026-10-06T20:03:41+00:00,85594.00,-0.002970,95535.515,1.0756,1.6436,1.1421,5421021,-2149067,-7989814,257258008,9498745,76866,90000,85000,0.0050,1.2400,101.864,15.03
2026-10-06T20:18:42+00:00,85636.91,-0.002790,95500.853,1.0756,1.6436,1.1421,7195221,4594064,-6946030,259996288,11033549,76859,90000,85000,0.0128,1.2700,101.851,15.02
2026-10-06T20:33:42+00:00,85636.00,-0.002760,95583.602,1.0756,1.6436,1.1421,4950614,6368254,-8365583,259616136,10490298,76872,90000,85000,0.0121,1.2600,101.850,15.01
2026-10-06T20:48:42+00:00,85650.45,-0.002630,95487.959,1.0756,1.6436,1.1421,1640866,3315784,-9046945,260373361,10859351,76877,90000,85000,0.0076,1.2600,101.858,15.01
2026-10-06T21:03:43+00:00,85537.31,-0.002500,95433.513,1.0864,1.6433,0.8476,-3290376,387873,-8319758,250570531,4730913,76886,90000,85000,-0.0028,1.2600,101.855,15.01
2026-10-06T21:18:43+00:00,85524.01,-0.002220,95386.280,1.0864,1.6433,0.8476,-3477392,286647,-8504313,250393697,4581711,76874,90000,85000,-0.0076,1.3000,101.850,15.01
2026-10-06T21:33:43+00:00,85603.04,-0.001940,95364.948,1.0864,1.6433,0.8476,-1619780,442069,-7742895,257956882,9143002,76877,90000,85000,0.0057,1.1500,101.859,15.01
2026-10-06T21:48:44+00:00,85590.70,-0.001870,95342.783,1.0864,1.6433,0.8476,-51671,2159463,-9055061,255896187,7733656,76872,90000,85000,0.0035,1.1500,101.856,15.01
2026-10-06T22:03:44+00:00,85610.00,-0.001890,95322.676,1.0934,1.6428,0.9978,2759540,4958266,-7037633,257420413,8965179,76881,90000,85000,0.0105,1.2400,101.842,15.01
2026-10-06T22:18:45+00:00,85576.00,-0.001900,95330.648,1.0934,1.6428,0.9978,4223984,4900258,-5213161,254340201,7022925,76895,90000,85000,-0.0059,1.3600,101.845,15.01
2026-10-06T22:33:45+00:00,85504.01,-0.001880,95351.013,1.0934,1.6428,0.9978,663810,3619460,-15696510,247940812,3187290,77046,90000,85000,-0.0054,1.5100,101.845,15.01
2026-10-06T22:48:46+00:00,85585.07,-0.001680,95348.669,1.0934,1.6428,0.9978,3035028,7721694,-11659905,255286117,7762879,77063,90000,85000,0.0113,1.3600,101.845,15.01
2026-10-06T23:03:46+00:00,85528.26,-0.001470,95366.139,1.1053,1.6483,0.8716,-572400,4812480,-14657565,249524241,4057948,77072,90000,85000,0.0087,1.3900,101.845,15.01
2026-10-06T23:18:46+00:00,85473.10,-0.001600,95375.097,1.1053,1.6483,0.8716,-2100970,5466727,-13016156,245726172,1544115,77055,90000,85000,0.0081,1.6100,101.845,15.01
2026-10-06T23:33:47+00:00,85392.79,-0.001300,95715.674,1.1053,1.6483,0.8716,-3994525,152195,-16522013,239342799,-2458635,77051,90000,85000,0.0035,1.8300,101.845,15.01
2026-10-06T23:48:47+00:00,85590.39,-0.000890,95712.898,1.1053,1.6483,0.8716,-3328688,459479,-12583306,254095160,6782748,77053,90000,85000,-0.0116,1.1500,101.885,15.01
2026-10-07T00:03:47+00:00,85524.45,-0.000760,95676.784,1.1142,1.6328,0.7790,-6153891,-6982373,-16726675,248402787,2860208,77068,90000,85000,0.0003,1.2600,101.905,15.01
2026-10-07T00:18:48+00:00,85566.24,-0.000980,95677.856,1.1142,1.6328,0.7790,-1294534,-2846035,-12115297,252433199,5532961,77076,90000,85000,0.0092,1.3100,101.941,15.01
2026-10-07T00:33:48+00:00,85452.87,-0.002120,95696.193,1.1142,1.6328,0.7790,805578,-3848893,-9010361,243913796,283298,77073,90000,85000,0.0066,1.2700,101.931,15.01
2026-10-07T00:48:48+00:00,85528.01,-0.001850,95672.264,1.1142,1.6328,0.7790,-824693,-1206432,-7921965,250022858,4141860,77091,90000,85000,0.0123,1.4000,101.930,15.01
2026-10-07T01:03:49+00:00,85472.00,-0.001740,95671.384,1.1322,1.6320,0.8865,5840688,2158778,-15240471,244765151,762640,77109,90000,85000,-0.0034,1.5200,101.949,15.01
2026-10-07T01:18:49+00:00,85400.00,-0.001740,95681.776,1.1322,1.6320,0.8865,-215253,586642,-15614633,238515925,-3052716,77112,90000,85000,-0.0092,1.5300,101.975,15.01
2026-10-07T01:33:49+00:00,85325.93,-0.001780,95804.816,1.1322,1.6320,0.8865,-2912934,-5193275,-17857741,234245137,-5402613,77117,90000,85000,-0.0003,1.4300,101.984,15.01
2026-10-07T01:48:50+00:00,85301.28,-0.001490,96138.821,1.1322,1.6320,0.8865,-4214890,-5259060,-14027215,232960175,-6210414,77114,90000,85000,-0.0068,1.3300,101.977,15.01
2026-10-07T02:03:50+00:00,83722.88,-0.001880,95663.695,1.1496,1.6016,0.5072,-38541750,-39738624,-43991516,152454469,-41694370,76827,90000,80000,-0.0636,2.2300,102.001,15.01
2026-10-07T02:18:50+00:00,84033.41,-0.002790,96019.513,1.1496,1.6016,0.5072,-28440094,-32407825,-34636718,166117244,-36152049,76905,90000,80000,-0.0077,1.1300,102.039,15.01
2026-10-07T02:33:51+00:00,83884.88,-0.002980,96310.003,1.1496,1.6016,0.5072,-27704134,-33683704,-39046521,159856028,-37738460,76916,90000,80000,-0.0084,1.5000,102.057,15.01
2026-10-07T02:48:51+00:00,83874.96,-0.003230,96393.347,1.1496,1.6016,0.5072,-25840781,-33852088,-36083936,161323323,-37032183,76941,90000,80000,-0.0085,1.5500,102.044,15.01
2026-10-07T03:03:52+00:00,84087.16,-0.003510,96411.981,1.3052,1.6229,1.0016,10186195,-27603250,-32660037,170917390,-33572694,77025,90000,80000,-0.0046,1.0500,102.059,15.01
2026-10-07T03:18:52+00:00,84098.01,-0.003870,96644.707,1.3052,1.6229,1.0016,4537973,-25120333,-30413178,168832544,-35393607,77095,90000,84000,0.0025,1.1000,102.035,15.01
2026-10-07T03:33:52+00:00,84066.49,-0.004120,96617.933,1.3052,1.6229,1.0016,7626773,-21859379,-29404878,166571820,-36688213,77166,90000,84000,-0.0045,1.2200,102.037,15.01
2026-10-07T03:48:53+00:00,84206.87,-0.004250,96692.211,1.3052,1.6229,1.0016,6346366,-23627954,-27514546,171534614,-35765895,77249,90000,84000,0.0064,1.2600,102.023,15.01
2026-10-07T04:03:53+00:00,84210.01,-0.004740,96533.169,1.3702,1.6072,1.1487,220001,-20943231,-30680711,170711769,-36328130,77305,90000,84000,0.0073,1.1800,101.830,15.01
2026-10-07T04:18:53+00:00,84069.39,-0.004930,96540.499,1.3702,1.6072,1.1487,-2973583,-26339899,-31078614,162738934,-40018658,77348,90000,84000,-0.0039,1.3500,102.039,15.01
2026-10-07T04:33:54+00:00,84064.01,-0.005000,96561.941,1.3702,1.6072,1.1487,-2483393,-25021787,-27845267,162085375,-40452250,77344,90000,84000,-0.0014,1.3400,102.064,15.01
2026-10-07T04:48:54+00:00,84112.13,-0.004920,96575.961,1.3702,1.6072,1.1487,-2540812,-25169680,-27117962,163754282,-39981730,77338,90000,84000,-0.0097,1.2000,102.078,15.01
2026-10-07T05:03:54+00:00,84130.00,-0.004760,96601.633,1.3691,1.6070,1.0805,1092188,-25753206,-28179250,163795374,-40397818,77333,90000,84000,-0.0152,1.1700,102.067,15.01
2026-10-07T05:18:55+00:00,84181.51,-0.004440,96638.677,1.3691,1.6070,1.0805,1469374,-24395183,-28990828,166390153,-39881727,77322,90000,84000,0.0034,1.2700,102.069,15.01
2026-10-07T05:33:55+00:00,84240.22,-0.004360,96659.604,1.3691,1.6070,1.0805,2354586,-19779383,-29330150,168831051,-38950795,77346,90000,84000,-0.0005,1.2400,102.081,15.01
2026-10-07T05:48:55+00:00,84256.00,-0.004250,96667.496,1.3691,1.6070,1.0805,2122679,-19372861,-27990263,168809727,-38938325,77395,90000,84000,0.0062,1.3400,102.095,15.01
2026-10-07T06:03:55+00:00,84331.62,-0.004110,96206.985,1.4010,1.6235,1.4327,4010598,14237665,-22606355,172834352,-37136963,77423,90000,84000,0.0033,1.2400,102.073,15.01
2026-10-07T06:18:56+00:00,84213.58,-0.004150,96258.406,1.4010,1.6235,1.4327,-2837326,581771,-23512354,165106260,-40460647,77497,90000,84000,-0.0030,1.2900,102.097,15.01
2026-10-07T06:33:56+00:00,84256.00,-0.004100,96400.986,1.4010,1.6235,1.4327,-6918017,618263,-28414886,168231840,-39174123,77476,90000,84000,0.0023,1.2800,102.120,15.01
2026-10-07T06:48:56+00:00,84271.34,-0.003800,96066.999,1.4010,1.6235,1.4327,-7434444,-655812,-30596665,168187224,-39561057,77516,90000,84000,-0.0013,1.3500,102.089,15.01
2026-10-07T07:03:57+00:00,84215.35,-0.003800,95984.544,1.4038,1.6333,0.9675,-12201150,-8285738,-35444888,164547729,-41342352,77492,90000,84000,-0.0171,1.2600,102.086,15.01
2026-10-07T07:18:57+00:00,84197.72,-0.003510,95925.244,1.4038,1.6333,0.9675,-8136407,-12869532,-33403637,163181931,-42999512,77455,90000,84000,-0.0004,1.3000,102.095,15.01
2026-10-07T07:33:57+00:00,84284.00,-0.003260,95968.442,1.4038,1.6333,0.9675,-3634880,-10244825,-35861108,166889996,-41746527,77408,90000,84000,-0.0139,1.1000,102.151,15.22
2026-10-07T07:48:58+00:00,84266.01,-0.003210,96047.460,1.4038,1.6333,0.9675,3710983,-3190453,-35876904,164690581,-43079004,77464,90000,84000,-0.0017,1.3900,102.194,15.23
2026-10-07T08:03:58+00:00,84122.43,-0.003690,96137.585,1.4015,1.6441,1.0570,6033398,-2954905,-25438665,182818403,-20365931,77431,90000,80000,-0.0062,1.6100,102.275,15.24
2026-10-07T08:18:58+00:00,83988.01,-0.004180,96003.351,1.4015,1.6441,1.0570,23349213,13002969,-15492593,176127644,-22743372,77442,90000,80000,-0.0042,2.1400,102.289,15.26
2026-10-07T08:33:59+00:00,84063.29,-0.004470,95823.785,1.4015,1.6441,1.0570,27351122,20370128,-6246406,183781051,-16933760,77553,90000,80000,0.0033,1.6100,102.239,15.26
2026-10-07T08:48:59+00:00,84028.49,-0.005440,95970.804,1.4015,1.6441,1.0570,18748529,18316305,-6442048,183117609,-16193462,77582,90000,80000,-0.0154,1.2000,102.253,15.26
2026-10-07T09:03:59+00:00,83963.81,-0.005550,96009.429,1.3935,1.6621,0.7337,19957871,17250774,-6627656,180762769,-16835595,77569,90000,80000,-0.0003,1.3300,102.240,15.23
2026-10-07T09:18:59+00:00,83839.42,-0.005430,96329.712,1.3935,1.6621,0.7337,-1113097,11600807,-6090973,174924004,-18967151,77562,90000,80000,-0.0024,1.4200,102.243,15.25
2026-10-07T09:33:00+00:00,83836.34,-0.005410,96988.817,1.3935,1.6621,0.7337,-7058400,11281185,-4272211,174489736,-18999789,77538,90000,80000,-0.0104,1.3800,102.276,15.30
2026-10-07T09:48:00+00:00,83796.65,-0.005320,97062.774,1.3935,1.6621,0.7337,-4944902,9996659,-2623216,173580679,-19292240,77442,90000,80000,0.0011,1.2900,102.303,15.34
2026-10-07T10:03:00+00:00,83754.00,-0.005030,97081.470,1.4178,1.6250,0.7337,-6277758,7395094,-2932603,171112526,-20361933,77474,90000,80000,-0.0058,1.2900,102.295,15.41
2026-10-07T10:18:01+00:00,83826.01,-0.004890,96732.027,1.4178,1.6250,0.8029,-3659868,9725145,-7162848,174822785,-18653385,77473,90000,80000,-0.0005,1.0100,102.286,15.52
2026-10-07T10:33:01+00:00,83738.40,-0.004950,96881.390,1.4178,1.6250,0.8029,-5215674,11915382,-6504294,168685787,-22147744,77448,90000,80000,-0.0060,1.0600,102.311,15.55
2026-10-07T10:48:02+00:00,83702.02,-0.005290,97018.442,1.4178,1.6250,0.8029,-7246302,9980513,-9030661,168358698,-21482724,77426,90000,80000,0.0002,0.9800,102.280,15.61
2026-10-07T11:03:02+00:00,83706.73,-0.004960,97184.788,1.4716,1.6365,0.8029,-3512518,16830388,-6598250,167750622,-21770157,77400,90000,80000,0.0062,1.1700,102.295,15.65
2026-10-07T11:18:02+00:00,83764.24,-0.004080,97274.303,1.4716,1.6365,0.9167,-8127278,11436219,-16904943,170975160,-20304397,77339,90000,80000,-0.0018,0.8700,102.310,15.74
2026-10-07T11:33:03+00:00,83684.01,-0.003740,97331.914,1.4716,1.6365,0.9167,-6629156,8100748,-17656527,167460183,-21741152,77330,90000,80000,0.0022,1.3700,102.326,15.81
2026-10-07T11:48:03+00:00,83616.01,-0.003360,97086.993,1.4716,1.6365,0.9167,-13429830,-4612747,-25251490,164613069,-22885216,77330,90000,80000,-0.0042,1.5600,102.360,15.95
2026-10-07T12:03:03+00:00,83628.28,-0.002830,97228.315,1.4839,1.6670,0.9167,-12405789,-971753,-21859184,163901968,-23632565,77309,90000,80000,-0.0031,1.3700,102.387,16.00
2026-10-07T12:18:04+00:00,83579.97,-0.002100,97143.759,1.4839,1.6670,1.1807,-8763541,-22393179,-27466913,161193900,-24827594,77296,90000,80000,0.0080,1.2800,102.387,15.81
2026-10-07T12:33:04+00:00,83555.84,-0.001700,97112.600,1.4839,1.6670,1.1807,-8313897,-27862985,-26118771,163021204,-23147495,77266,90000,80000,0.0054,1.2600,102.463,15.76
2026-10-07T12:48:04+00:00,83499.62,-0.000940,97277.710,1.4839,1.6670,1.1807,-5272983,-27862159,-27574397,157651935,-25290399,77392,90000,80000,-0.0048,1.6100,102.454,15.83
2026-10-07T13:03:05+00:00,83514.00,-0.000570,96751.897,1.4845,1.6919,1.1807,-5685350,-27709413,-27267243,158784841,-24726554,77388,90000,80000,-0.0043,1.4200,102.480,15.77
2026-10-07T13:18:05+00:00,83458.97,0.000110,96440.841,1.4845,1.6919,1.1549,-3187037,-23538549,-29293474,155676879,-25990130,77370,90000,80000,0.0017,1.5100,102.409,15.76
2026-10-07T13:33:06+00:00,83402.00,0.000330,96620.975,1.4845,1.6919,1.1549,-6214477,-25424023,-33286086,153333810,-26709479,77398,90000,80000,-0.0227,1.5700,102.414,15.78
2026-10-07T13:48:06+00:00,82811.92,0.000340,96312.781,1.4845,1.6919,1.1549,-19324139,-42151265,-55424548,126301313,-35628051,77414,90000,80000,-0.0368,3.3000,102.402,15.72
2026-10-07T14:03:06+00:00,83176.97,0.000230,95650.321,1.5259,1.7410,1.1549,-10647469,-33515909,-48054098,144514327,-28738338,77533,90000,80000,0.0009,1.0000,102.367,15.85
2026-10-07T14:18:07+00:00,83146.11,0.000070,95731.720,1.5259,1.7410,0.8808,-8809984,-30327727,-47072373,142188433,-29236010,77634,90000,80000,-0.0214,0.9300,102.385,15.72
2026-10-07T14:33:07+00:00,83120.70,0.000200,95690.250,1.5259,1.7410,0.8808,-6379721,-26658985,-41700569,140333329,-30553163,77630,90000,80000,-0.0064,0.8200,102.355,15.76
2026-10-07T14:48:07+00:00,82990.69,0.000260,95862.631,1.5259,1.7410,0.8808,10982485,-24882208,-40605942,133773259,-33800980,77594,90000,80000,-0.0015,1.3500,102.317,15.66
2026-10-07T15:03:08+00:00,82954.43,0.000520,95842.676,1.5867,1.7247,0.8808,5623620,-25288919,-57780521,131206458,-34868702,77584,90000,80000,-0.0060,1.5000,102.299,15.71
2026-10-07T15:18:08+00:00,83072.01,0.000970,95889.047,1.5867,1.7247,0.9404,8670486,-14352366,-51740842,138999959,-31106670,77561,90000,80000,-0.0058,0.9200,102.314,15.71
2026-10-07T15:33:09+00:00,83243.95,0.000720,95835.180,1.5867,1.7247,0.9404,5762837,-13304173,-46060414,150626235,-26175199,77567,90000,80000,-0.0012,0.7000,102.311,15.56
2026-10-07T15:48:09+00:00,83310.01,0.000920,95753.054,1.5867,1.7247,0.9404,5736814,-5134024,-38845251,153837233,-24474067,77598,90000,80000,0.0059,0.8100,102.333,15.61
2026-10-07T16:03:09+00:00,83440.77,0.001170,95646.363,1.6688,1.7084,0.9404,11916798,-638856,-35438307,160418937,-21555195,77624,90000,80000,0.0076,0.9200,102.372,15.35
2026-10-07T16:18:10+00:00,83580.48,0.001320,95558.607,1.6688,1.7084,1.1066,11245840,6284795,-27427591,167379406,-18604730,77653,90000,80000,0.0019,0.8900,102.282,15.37
2026-10-07T16:33:10+00:00,83620.00,0.000970,95610.040,1.6688,1.7084,1.1066,12384872,5531308,-23253914,169801191,-17655541,77692,90000,80000,0.0109,0.9700,102.289,15.40
2026-10-07T16:48:10+00:00,83403.57,0.000490,95774.710,1.6688,1.7084,1.1066,7415227,7491130,-26258538,158112631,-22983834,77722,90000,80000,-0.0037,1.2200,102.310,15.39
2026-10-07T17:03:11+00:00,83469.99,0.000350,95704.722,1.6539,1.6770,1.1066,2818354,9405180,-26629027,164231607,-19789350,77775,90000,80000,-0.0151,0.9800,102.309,15.37
2026-10-07T17:18:11+00:00,83482.01,-0.000490,95760.211,1.6539,1.6770,0.8510,4327089,14870784,-22948078,161481520,-21449008,77765,90000,80000,-0.0026,1.0600,102.289,15.28
2026-10-07T17:33:11+00:00,83254.00,-0.001120,95654.471,1.6539,1.6770,0.8510,3638747,14792661,-24434061,148707964,-27252677,77768,90000,80000,-0.0132,1.2000,102.254,15.22
2026-10-07T17:48:12+00:00,83181.94,-0.001020,95494.728,1.6539,1.6770,0.8510,1932611,27053119,-24753790,146000992,-28219163,77769,90000,80000,-0.0018,1.1700,102.266,15.15
2026-10-07T18:03:12+00:00,83296.01,-0.000700,95472.647,1.6539,1.6791,0.8510,735636,22946163,-21941916,152059709,-25705142,77767,90000,80000,-0.0018,1.0600,102.270,15.12
2026-10-07T18:18:12+00:00,83320.01,-0.000600,95548.834,1.6539,1.6791,0.8861,2189163,27358787,-19829231,152166678,-25611794,77810,90000,80000,-0.0090,0.9200,102.224,15.17
2026-10-07T18:33:13+00:00,83339.85,-0.000600,95549.854,1.6539,1.6791,0.8861,3590238,24248515,-18189602,153924512,-24851975,77806,90000,80000,-0.0040,1.0400,102.248,15.13
2026-10-07T18:48:13+00:00,83374.00,-0.000570,95561.761,1.6539,1.6791,0.8861,6013425,21565497,-15774389,156496823,-23635551,77787,90000,80000,-0.0030,0.8500,102.246,15.13
2026-10-07T19:03:14+00:00,83458.01,-0.000230,95515.838,1.6695,1.6738,1.4593,6420794,24975502,-14809514,160259573,-22252279,77800,90000,80000,-0.0166,0.7400,102.230,15.11
2026-10-07T19:18:14+00:00,83466.01,-0.000410,95512.211,1.6695,1.6738,1.4593,5195534,22968755,-13103519,160600059,-22050169,77912,90000,80000,-0.0086,0.8100,102.258,15.05
2026-10-07T19:33:14+00:00,83443.98,-0.000450,95445.849,1.6695,1.6738,1.4593,3505347,22650518,-14405908,158115767,-23647170,77940,90000,80000,-0.0048,1.0100,102.250,15.12
2026-10-07T19:48:15+00:00,83348.01,-0.000150,95575.550,1.6695,1.6738,1.4593,2164811,17970447,-17378236,147146380,-31785382,77919,90000,80000,-0.0110,1.0300,102.261,15.07
2026-10-07T20:03:15+00:00,83536.99,-0.000090,96012.232,1.6824,1.6290,0.6598,1516082,13764701,-19360929,159522553,-25832112,77912,90000,80000,0.0075,0.8700,102.281,15.03
2026-10-07T20:18:15+00:00,83584.19,0.000050,96043.895,1.6824,1.6290,0.6598,-270378,11095243,-19943963,160860625,-25353851,77911,90000,80000,-0.0050,0.7100,102.300,15.06
2026-10-07T20:33:16+00:00,83521.79,-0.000230,96005.414,1.6824,1.6290,0.6598,-152695,11299101,-18835555,155554062,-28727877,77904,90000,83000,-0.0021,0.8300,102.286,15.08
2026-10-07T20:48:16+00:00,83368.33,-0.000570,96317.694,1.6824,1.6290,0.6598,-2116162,8663423,-20234111,146140335,-33295669,77955,90000,83000,0.0005,1.1600,102.289,15.08
2026-10-07T21:03:16+00:00,83368.00,-0.000830,96366.179,1.6831,1.6025,0.8190,-2578225,5759941,-19116338,145286457,-33822136,77967,90000,83000,-0.0015,1.0500,102.289,15.08
2026-10-07T21:18:17+00:00,83384.24,-0.001380,96320.688,1.6831,1.6025,0.8190,-1373556,5289240,-17405428,148023228,-32328403,77953,90000,83000,0.0109,1.3800,102.269,15.08
2026-10-07T21:33:17+00:00,83305.38,-0.001710,96270.630,1.6831,1.6025,0.8190,-1948365,3682821,-21052668,142116335,-35394751,77940,90000,83000,-0.0001,1.3800,102.284,15.08
2026-10-07T21:48:17+00:00,83201.67,-0.002050,96279.072,1.6831,1.6025,0.8190,-3349504,2956909,-23517570,136162846,-38045404,77956,90000,83000,-0.0032,1.4600,102.279,15.08
2026-10-07T22:03:18+00:00,83226.01,-0.001970,96223.207,1.6702,1.6021,0.6136,-5040483,-437798,-27052986,137118989,-36777642,78122,90000,83000,0.0177,1.3200,102.272,15.08
2026-10-07T22:18:18+00:00,83201.35,-0.001810,96181.009,1.6702,1.6021,0.6136,-8287016,-4200399,-30067149,132954720,-38104449,78245,90000,83000,0.0085,1.3000,102.250,15.08
2026-10-07T22:33:18+00:00,83317.08,-0.001580,96114.998,1.6702,1.6021,0.6136,-6518050,-6926199,-28984174,139299873,-34970799,78231,90000,83000,0.0085,1.0700,102.250,15.08
2026-10-07T22:48:19+00:00,83256.78,-0.001540,96022.087,1.6702,1.6021,0.6136,-5558991,-8575251,-31906465,135923444,-36707263,78222,90000,83000,0.0119,1.3000,102.250,15.08
2026-10-07T23:03:19+00:00,83239.10,-0.001730,95980.022,1.6817,1.6132,1.8595,-6550353,-12693868,-32742398,135213222,-37592486,78182,90000,83000,0.0006,1.2700,102.250,15.08
2026-10-07T23:18:19+00:00,83237.87,-0.001600,95896.693,1.6817,1.6132,1.8595,-10452844,-18745692,-36867776,135726419,-37608564,78154,90000,83000,0.0100,1.0500,102.250,15.08
2026-10-07T23:33:20+00:00,83390.91,-0.001260,95839.266,1.6817,1.6132,1.8595,-6763853,-18447606,-32475994,143863283,-33833889,78173,90000,83000,0.0045,1.0100,102.250,15.08
2026-10-07T23:48:20+00:00,83326.00,-0.001130,95815.844,1.6817,1.6132,1.8595,-7813427,-18961129,-36697339,138057496,-37017412,78201,90000,83000,-0.0031,1.1300,102.232,15.08
2026-10-08T00:03:20+00:00,83257.99,-0.001020,95775.751,1.6896,1.6208,1.3099,-8739518,-22652477,-35508680,133789118,-38955574,78231,90000,83000,0.0030,1.0100,102.236,15.08
2026-10-08T00:18:21+00:00,83355.21,-0.000860,95670.195,1.6896,1.6208,1.3099,-7241863,-25888736,-42722504,140714660,-35699977,78214,90000,83000,0.0072,1.1200,102.229,15.08
2026-10-08T00:33:21+00:00,83258.07,-0.000340,95715.282,1.6896,1.6208,1.3099,-10598538,-26740008,-43563971,133973365,-39180199,78193,90000,83000,0.0092,1.1200,102.261,15.08
2026-10-08T00:48:22+00:00,83343.02,0.000150,95793.011,1.6896,1.6208,1.3099,-12298075,-29459632,-48583529,139701162,-36185727,78178,90000,83000,0.0076,1.3300,102.242,15.08
2026-10-08T01:03:22+00:00,83431.09,0.000750,95741.955,1.7005,1.6255,1.2278,-5789784,-26578764,-47394393,143579861,-34601733,78202,90000,83000,-0.0210,1.1500,102.229,15.08
2026-10-08T01:18:22+00:00,83388.01,0.001030,95702.894,1.7005,1.6255,1.2278,-3685726,-28368273,-46180675,139838198,-36595657,78199,90000,83000,-0.0084,1.0700,102.251,15.08
2026-10-08T01:33:23+00:00,83346.00,0.001060,95765.449,1.7005,1.6255,1.2278,-1124377,-26375375,-42861930,138472240,-37085900,78189,90000,83000,0.0021,1.0900,102.237,15.08
2026-10-08T01:48:23+00:00,83225.42,0.001150,95809.099,1.7005,1.6255,1.2278,-2019300,-28089454,-46425620,130550123,-40992940,78195,90000,83000,0.0033,1.4600,102.229,15.08
2026-10-08T02:03:23+00:00,83133.02,0.000910,95822.617,1.7174,1.5494,0.8025,-8839138,-29978376,-18380976,125058291,-43996994,78155,90000,83000,0.0039,1.1000,102.187,15.08
2026-10-08T02:18:24+00:00,83053.63,0.000720,95974.136,1.7174,1.5494,0.8025,-11551133,-33657373,-30413999,121524902,-45663934,78104,90000,83000,0.0037,1.2000,102.159,15.08
2026-10-08T02:33:24+00:00,83172.00,0.000730,95952.504,1.7174,1.5494,0.8025,-13155567,-30470769,-26696758,127887437,-42706550,78160,90000,83000,0.0008,0.9900,102.158,15.08
2026-10-08T02:48:24+00:00,83244.01,0.000720,96048.669,1.7174,1.5494,0.8025,-5753695,-27822276,-26731868,131161730,-41221481,78171,90000,83000,-0.0095,0.9300,102.203,15.08
2026-10-08T03:03:25+00:00,83124.01,0.000600,96078.028,1.7442,1.5608,0.7114,-1492761,-24410284,-30016214,123151234,-44972140,78227,90000,83000,0.0130,1.3600,102.240,15.08
2026-10-08T03:18:25+00:00,82906.80,0.000060,96272.084,1.7442,1.5608,0.7114,-2187206,-25621952,-37736276,113457111,-48700963,78119,90000,83000,-0.0052,1.7900,102.254,15.08
2026-10-08T03:33:25+00:00,82872.54,-0.000150,96817.037,1.7442,1.5608,0.7114,-320269,-24546073,-34973113,113425239,-48223940,78011,90000,83000,-0.0118,1.4800,102.264,15.08
2026-10-08T03:48:26+00:00,82868.31,-0.000490,96790.821,1.7442,1.5608,0.7114,-2538145,-22205780,-35862366,113390261,-48290750,78040,90000,83000,-0.0077,1.5600,102.249,15.08
2026-10-08T04:03:26+00:00,82675.64,-0.000690,96876.012,1.7427,1.5273,0.5971,-6386748,-23044113,-37803328,104549647,-51079632,78074,90000,80000,-0.0051,1.5500,102.240,15.08
2026-10-08T04:18:26+00:00,82700.00,-0.000570,96901.258,1.7427,1.5273,0.5971,-482794,-18788004,-35418396,104606293,-50964757,78104,90000,80000,-0.0094,1.6000,102.235,15.08
2026-10-08T04:33:27+00:00,82823.47,-0.000390,96299.352,1.7427,1.5273,0.5971,-10235680,-23012597,-42616181,106967749,-51134496,78147,90000,83000,-0.0080,0.7700,102.253,15.08
2026-10-08T04:48:27+00:00,82488.58,-0.000550,96397.411,1.7427,1.5273,0.5971,-8571885,-18798286,-41709066,92632765,-56315263,78084,90000,80000,-0.0188,1.0200,102.242,15.08
2026-10-08T05:03:27+00:00,82639.83,0.000040,96517.127,1.7233,1.5798,0.9477,-3055308,-20971682,-40740587,98689397,-54587834,78074,90000,80000,-0.0102,1.1500,102.240,15.08
2026-10-08T05:18:28+00:00,82795.82,0.000470,96596.455,1.7233,1.5798,0.9477,4906573,-12055933,-34337897,106189052,-51717019,78119,90000,83000,-0.0072,1.1600,102.239,15.08
2026-10-08T05:33:28+00:00,82958.81,0.000650,96302.908,1.7233,1.5798,0.9477,11020426,-10993566,-32071038,113787912,-48335976,78201,90000,83000,-0.0004,1.1100,102.236,15.08
2026-10-08T05:48:28+00:00,82946.00,0.000730,96190.508,1.7233,1.5798,0.9477,14475979,-2022109,-29778913,111870937,-49239508,78241,90000,83000,0.0018,1.0900,102.258,15.08
2026-10-08T06:03:29+00:00,82709.70,0.000330,96291.930,1.7480,1.5844,0.9915,12426045,525446,-31913419,98678818,-53881524,78337,90000,83000,-0.0042,1.3700,102.315,15.08
2026-10-08T06:18:29+00:00,82910.01,0.000330,96284.497,1.7480,1.5844,0.9915,8298071,8637471,-22178473,106108457,-50497305,78482,90000,83000,-0.0135,1.1400,102.326,15.08
2026-10-08T06:33:29+00:00,82582.00,-0.000640,96314.166,1.7480,1.5844,0.9915,-748842,3281919,-24760980,87154553,-56850987,78771,90000,80000,-0.0034,1.5200,102.262,15.08
2026-10-08T06:48:30+00:00,82764.06,-0.000510,96381.316,1.7480,1.5844,0.9915,-2352153,1168685,-25254100,92770576,-55817295,79057,90000,83000,0.0022,1.2000,102.282,15.08
2026-10-08T07:03:30+00:00,82736.13,-0.000170,96404.756,1.7701,1.5904,1.0084,1271118,5268104,-17160175,89312984,-57991209,79079,90000,83000,-0.0018,1.0500,102.309,15.08
2026-10-08T07:18:31+00:00,83170.90,0.000260,96315.339,1.7701,1.5904,1.0084,4528334,15068705,-9520654,114191677,-46718356,79058,90000,83000,-0.0098,0.8600,102.374,15.08
2026-10-08T07:33:31+00:00,83142.99,-0.000010,96139.484,1.7701,1.5904,1.0084,11972974,14502421,-10897085,111794917,-48945471,79015,90000,83000,0.0038,1.0000,102.291,15.65
2026-10-08T07:48:31+00:00,83058.42,-0.000810,95964.852,1.7701,1.5904,1.0084,13592357,18535941,-14169016,104185892,-55580421,78990,90000,83000,-0.0106,1.0700,102.314,15.63
2026-10-08T08:03:32+00:00,83002.00,-0.001270,95826.264,1.7801,1.5953,1.1243,12093807,23743209,-11234974,121797482,-36916241,78691,90000,80000,-0.0047,1.0300,102.295,15.62
2026-10-08T08:18:32+00:00,83012.00,-0.001690,95812.169,1.7801,1.5953,1.1243,8301676,26108788,-25849586,121776630,-37344746,78778,90000,80000,0.0026,0.9000,102.282,15.63
2026-10-08T08:33:32+00:00,82900.00,-0.001900,95652.908,1.7801,1.5953,1.1243,1226787,24442307,-36988741,115333141,-40734589,78790,90000,80000,-0.0005,1.1300,102.275,15.58
2026-10-08T08:48:33+00:00,82853.78,-0.002050,95771.754,1.7801,1.5953,1.1243,-5496629,21560985,-37635467,112999649,-41591068,78796,90000,80000,-0.0126,1.0900,102.350,15.59
2026-10-08T09:03:33+00:00,82966.00,-0.001950,95849.304,1.7925,1.5866,0.8449,-6870347,19547782,-38464534,119589149,-38861873,78819,90000,80000,0.0033,0.8700,102.336,15.64
2026-10-08T09:18:33+00:00,82934.68,-0.001650,95884.968,1.7925,1.5866,0.8449,-9754500,10795775,-33065783,118840169,-38980600,78843,90000,80000,0.0009,0.9000,102.365,15.66
2026-10-08T09:33:34+00:00,83134.01,-0.001540,95901.105,1.7925,1.5866,0.8449,-7764553,3255795,-37887399,130274370,-33971628,78797,90000,80000,-0.0003,0.6000,102.359,15.73
2026-10-08T09:48:34+00:00,83073.10,-0.001260,95862.038,1.7925,1.5866,0.8449,-8768984,-1333485,-41462247,126305082,-35977712,78823,90000,80000,0.0130,0.6600,102.367,15.70
2026-10-08T10:03:34+00:00,83150.00,-0.001220,95908.534,1.8450,1.5788,1.4245,-8243289,-1267958,-40042157,131378376,-33657867,78787,90000,80000,0.0070,0.7000,102.383,15.73
2026-10-08T10:18:35+00:00,82990.00,-0.001470,95934.406,1.8450,1.5788,1.4245,-5517414,-2815366,-36427852,121342414,-38466274,78788,90000,80000,-0.0023,0.7400,102.408,15.73
2026-10-08T10:33:35+00:00,82689.74,-0.001500,95873.186,1.8450,1.5788,1.4245,-6024426,-1158275,-38758237,106832871,-44484407,78796,90000,80000,-0.0072,1.4500,102.403,15.75
2026-10-08T10:48:35+00:00,82603.03,-0.001620,95895.051,1.8450,1.5788,1.4245,-6280825,-6328158,-42906614,103478656,-45750100,78779,90000,80000,-0.0062,1.2500,102.387,15.97
2026-10-08T11:03:36+00:00,82648.00,-0.001410,96091.011,1.8523,1.5750,0.7643,-7425881,-9712386,-44475202,105491754,-45088180,78741,90000,80000,-0.0032,1.2200,102.373,15.97
2026-10-08T11:18:36+00:00,82402.00,-0.001520,96377.418,1.8523,1.5750,0.7643,-10310776,-17805306,-38326931,94204418,-48620849,78761,90000,80000,-0.0123,1.6800,102.449,15.96
2026-10-08T11:33:36+00:00,82530.71,-0.000510,96272.380,1.8523,1.5750,0.7643,-2653013,-15462412,-34128853,99457019,-46102944,78798,90000,80000,-0.0081,1.1200,102.431,15.95
2026-10-08T11:48:37+00:00,82536.07,-0.000120,96239.054,1.8523,1.5750,0.7643,3319469,-16689349,-26239012,99367217,-46346168,78754,90000,80000,-0.0048,1.1300,102.445,15.90
2026-10-08T12:03:37+00:00,82368.01,0.000170,96346.509,1.8604,1.5916,1.0111,5828232,-16148450,-25718574,91684866,-49483202,78743,90000,80000,0.0050,1.6100,102.416,15.78
2026-10-08T12:18:37+00:00,82357.49,0.001090,96526.515,1.8604,1.5916,1.0111,8536520,-16671398,-19631170,91869086,-49532641,78686,90000,80000,-0.0121,1.6800,102.345,15.72
2026-10-08T12:33:38+00:00,82362.01,0.001960,96710.358,1.8604,1.5916,1.0111,5718371,-10768901,-21682202,91297037,-49757090,78722,90000,80000,-0.0060,1.5800,102.330,15.73
2026-10-08T12:48:38+00:00,82251.01,0.002470,96838.999,1.8604,1.5916,1.0111,1190039,-9963960,-19830097,86490568,-51417484,78738,90000,80000,-0.0035,1.9300,102.329,15.73
2026-10-08T13:03:38+00:00,82242.99,0.002630,96299.464,1.8249,1.5748,0.7006,-14411895,-24347662,-33278089,85941484,-51660451,78814,90000,80000,-0.0180,1.0300,102.369,15.71
2026-10-08T13:18:39+00:00,82583.51,0.002880,96548.573,1.8249,1.5748,0.7006,-10509399,-17263704,-26656398,103571509,-44301078,78812,90000,80000,-0.0160,0.8100,102.301,15.63
2026-10-08T13:33:39+00:00,82274.76,0.002870,96478.928,1.8249,1.5748,0.7006,-10082591,-13187029,-25641576,88029594,-51177311,78878,90000,80000,0.0176,0.9500,102.337,15.55
2026-10-08T13:48:39+00:00,81926.63,0.002660,96400.849,1.8249,1.5748,0.7006,-13136428,-15469017,-16230113,69007470,-56668168,79332,90000,80000,-0.0035,1.1200,102.285,15.35
2026-10-08T14:03:40+00:00,82212.00,0.003120,96461.146,1.8153,1.6049,1.0016,6096426,-9442307,-15579090,79574108,-53489085,79472,90000,80000,-0.0034,0.8000,102.243,15.50
2026-10-08T14:18:40+00:00,82506.45,0.003350,96371.356,1.8153,1.6049,1.0016,11141791,50046,-4943257,93572823,-47511508,79573,90000,80000,0.0069,0.9200,102.245,15.45
2026-10-08T14:33:41+00:00,82691.35,0.004200,96348.686,1.8153,1.6049,1.0016,15617967,8380223,-4028608,102455299,-43311798,79591,90000,80000,-0.0047,0.8400,102.200,15.37
2026-10-08T14:48:41+00:00,82664.00,0.004330,96288.863,1.8153,1.6049,1.0016,22211030,13627703,-5059939,100521252,-44677271,79650,90000,80000,-0.0014,0.8600,102.078,15.27
2026-10-08T15:03:41+00:00,82578.82,0.004540,96228.521,1.7855,1.5684,1.1579,18521791,17380799,-1610353,93575980,-48380261,79665,90000,80000,0.0175,0.8800,102.165,15.30
2026-10-08T15:18:42+00:00,82072.54,0.004310,95891.727,1.7855,1.5684,1.1579,3282458,13977256,-9229389,69015850,-58780995,79691,90000,80000,0.0033,1.1600,102.189,15.41
2026-10-08T15:33:42+00:00,81428.00,0.003820,95541.877,1.7855,1.5684,1.1579,-20442263,-8518781,-29065788,45766687,-62981602,79357,90000,80000,0.0684,1.3900,102.265,15.57
2026-10-08T15:48:42+00:00,81305.65,0.003990,94459.806,1.7855,1.5684,1.1579,-34967240,-24613096,-45709136,51103464,-60051716,79308,90000,80000,-0.0561,0.8800,102.282,15.54
2026-10-08T16:03:43+00:00,81111.38,0.003380,93781.298,1.8185,1.6438,0.8760,-58855007,-47879105,-73332125,37083933,-63236654,79359,90000,80000,-0.0143,2.0700,102.333,15.47
2026-10-08T16:18:43+00:00,81407.94,0.003170,94601.428,1.8185,1.6438,0.8760,-60600514,-56274182,-82964877,45704811,-61297267,79559,90000,80000,-0.0046,1.4700,102.361,15.49
2026-10-08T16:33:43+00:00,81162.01,0.002800,94600.539,1.8185,1.6438,0.8760,-43297016,-58048012,-84760912,41439234,-55054356,79709,90000,80000,-0.0218,1.5600,102.275,15.30
2026-10-08T16:48:44+00:00,81145.65,0.002770,94914.791,1.8185,1.6438,0.8760,-29845252,-53350518,-81564712,36255004,-57313683,79809,90000,80000,0.0579,2.1000,102.322,15.30
2026-10-08T17:03:44+00:00,80864.25,0.002400,94160.652,1.8563,1.6555,0.9087,-18315820,-52267312,-96153356,25083073,-59270193,79885,90000,80000,-0.0075,1.7200,102.254,15.54
2026-10-08T17:18:44+00:00,80893.36,0.002140,93838.207,1.8563,1.6555,0.9087,-8220516,-55307666,-96562338,27245043,-58006395,79865,90000,80000,-0.0005,1.5300,102.176,15.97
2026-10-08T17:33:45+00:00,80892.60,0.002180,93331.531,1.8563,1.6555,0.9087,-17955234,-65637800,-105942652,24396405,-57210847,80028,90000,80000,0.0014,0.8100,102.080,15.86
2026-10-08T17:48:45+00:00,80746.81,0.002230,93480.232,1.8563,1.6555,0.9087,-18571885,-60050744,-102873786,13933539,-59241025,80066,90000,80000,-0.0099,1.3200,102.094,16.05
2026-10-08T18:03:45+00:00,80678.71,0.002380,93602.833,1.8555,1.6588,0.8008,-16313550,-75207396,-113894249,15072547,-59117158,80052,90000,80000,-0.0284,1.4900,102.129,15.98
2026-10-08T18:18:46+00:00,80950.00,0.002470,93747.586,1.8555,1.6588,0.8008,-17189015,-84755634,-115040702,25590974,-57115461,80072,90000,80000,-0.0342,1.1100,102.150,15.93
2026-10-08T18:33:46+00:00,81497.60,0.002560,93481.395,1.8555,1.6588,0.8008,,,,51307495,-48377116,80055,90000,80000,0.0317,0.9800,102.197,15.65
2026-10-08T18:48:46+00:00,81502.01,0.002480,93414.040,1.8555,1.6588,0.8008,6026515,-76584599,-103132131,47755252,-49480911,80072,90000,80000,-0.0178,1.1500,102.185,15.74
2026-10-08T19:03:46+00:00,81596.03,0.002400,93366.773,1.9011,1.6470,1.3884,22688163,-73797567,-100523305,52091023,-48331689,80103,90000,80000,0.0092,1.0500,102.122,15.67
2026-10-08T19:18:47+00:00,81586.00,0.002310,93264.986,1.9011,1.6470,1.3884,20932984,-65134003,-98863986,,,,,,-0.0058,0.8600,102.105,15.65
2026-10-08T19:33:47+00:00,81808.00,0.001920,93081.533,1.9011,1.6470,1.3884,19418333,-37710604,-90626296,60580441,-46126405,80126,90000,80000,-0.0052,0.7800,102.117,15.63
2026-10-08T19:48:47+00:00,81753.38,0.001620,92967.904,1.9011,1.6470,1.3884,17852755,-24886531,-87385576,57614153,-46118230,80070,90000,80000,-0.0112,0.8300,102.124,15.56
2026-10-08T20:03:48+00:00,,0.001410,92893.648,1.9248,1.6361,1.1027,17216155,2486594,-83689108,61251732,-45054054,80068,90000,80000,-0.0158,0.8600,102.101,15.54
2026-10-08T20:18:48+00:00,81869.37,0.000740,92991.276,1.9248,1.6361,1.1027,17192869,13851507,-81153112,63960457,-44338866,80053,90000,80000,-0.0069,0.7500,102.075,15.48
2026-10-08T20:33:48+00:00,81742.00,0.000030,93067.891,1.9248,1.6361,1.1027,9603585,14531049,-79087555,57101667,-46834002,80094,90000,80000,-0.0093,0.8200,102.094,15.41
2026-10-08T20:48:49+00:00,81798.01,-0.000060,93002.441,1.9248,1.6361,1.1027,9357997,14695255,-75913058,60488833,-45903870,80084,90000,80000,0.0036,0.7700,102.108,15.41
2026-10-08T21:03:49+00:00,81706.87,-0.000130,92916.916,1.9011,1.6364,0.8811,6164370,26834370,-75349014,55431434,-48188280,80083,90000,80000,-0.0015,0.9500,102.106,15.41
2026-10-08T21:18:49+00:00,81780.01,-0.000110,92853.750,1.9011,1.6364,0.8811,5063975,25874473,-76063830,59471205,-46904910,80081,90000,80000,-0.0086,0.6500,102.118,15.41
2026-10-08T21:33:50+00:00,81676.52,0.000010,92816.142,1.9011,1.6364,0.8811,1196531,33844952,-75193530,54753743,-48440137,80057,90000,80000,-0.0212,0.9800,102.105,15.41
2026-10-08T21:48:50+00:00,81630.61,0.000200,92759.658,1.9011,1.6364,0.8811,2396621,35542906,-70599480,52544108,-49242824,80051,90000,80000,-0.0053,1.0300,102.102,15.41
2026-10-08T22:03:50+00:00,81680.50,0.000520,92716.540,1.8794,1.6453,0.7961,4331986,50226742,-66841210,54196209,-48661098,80056,90000,80000,-0.0126,1.0500,102.103,15.41
2026-10-08T22:18:51+00:00,81842.01,0.001420,92823.826,1.8794,1.6453,0.7961,4817727,47055595,-64448527,61998226,-46070939,80055,90000,80000,0.0058,0.6900,102.115,15.41
2026-10-08T22:33:51+00:00,81836.00,0.001810,92796.483,1.8794,1.6453,0.7961,4432103,35701833,-62659043,61692152,-46237806,80049,90000,80000,0.0066,0.7400,102.115,15.41
2026-10-08T22:48:51+00:00,81928.01,0.001870,92819.638,1.8794,1.6453,0.7961,7828077,37140508,-56950121,65458613,-44918675,80046,90000,80000,0.0038,0.7500,102.115,15.41
2026-10-08T23:03:52+00:00,81912.01,0.001760,93029.184,1.8918,1.6514,1.2869,5788822,32933557,-54058747,64707503,-44816063,80050,90000,80000,-0.0112,0.7000,102.115,15.41
2026-10-08T23:18:52+00:00,81852.25,0.002100,93063.172,1.8918,1.6514,1.2869,3907855,30113594,-49585513,60872164,-46296460,80081,90000,80000,-0.0020,0.7600,102.115,15.41
2026-10-08T23:33:52+00:00,81868.71,0.002350,93082.985,1.8918,1.6514,1.2869,3375568,19734020,-52815649,61294196,-46164824,80093,90000,80000,0.0003,0.7000,102.115,15.41
2026-10-08T23:48:53+00:00,81700.01,0.002060,93079.932,1.8918,1.6514,1.2869,1610254,21016121,-47093377,52692309,-49079992,80111,90000,80000,0.0011,1.2800,102.128,15.41
2026-10-09T00:03:53+00:00,81736.00,0.001870,93028.547,1.8694,1.6471,0.8804,-1997786,13625078,-47099326,54394537,-48374773,80126,90000,80000,-0.0023,0.7400,102.134,15.41
2026-10-09T00:18:53+00:00,81764.01,0.002300,93049.583,1.8694,1.6471,0.8804,-2422534,11916473,-44528785,54980354,-47916734,80134,90000,80000,-0.0050,0.6900,102.135,15.41
2026-10-09T00:33:54+00:00,81854.00,0.002150,93201.978,1.8694,1.6471,0.8804,-506525,9540704,-41598359,59745591,-46266106,80138,90000,80000,-0.0071,0.6300,102.098,15.41
2026-10-09T00:48:54+00:00,81874.01,0.002660,93253.163,1.8694,1.6471,0.8804,-980335,11046298,-35879650,59981151,-45939552,80074,90000,80000,-0.0137,0.6800,102.119,15.41
2026-10-09T01:03:55+00:00,81822.00,0.002990,93338.960,1.8555,1.6573,1.3196,663198,8528914,-41505044,57588349,-46774961,80055,90000,80000,0.0183,0.6200,102.101,15.41
2026-10-09T01:18:55+00:00,81673.74,0.003330,93295.964,1.8555,1.6573,1.3196,-4534239,2157616,-45002397,50958072,-48867497,80054,90000,80000,-0.0048,1.1400,102.068,15.41
2026-10-09T01:33:55+00:00,81738.01,0.003700,93337.566,1.8555,1.6573,1.3196,-3749275,3603360,-46172584,54207492,-47627790,80026,90000,80000,0.0037,0.8400,102.021,15.41
2026-10-09T01:48:56+00:00,81944.00,0.003940,93195.424,1.8555,1.6573,1.3196,-4576892,4201836,-38507781,64473624,-44149834,80041,90000,80000,0.0072,0.8300,102.013,15.41
2026-10-09T02:03:56+00:00,82035.64,0.004550,93141.166,1.8547,1.6464,0.9986,-2047706,1956705,-34973340,69150684,-42710989,80062,90000,80000,0.0056,0.6000,101.996,15.41
2026-10-09T02:18:56+00:00,81972.00,0.004640,92929.490,1.8547,1.6464,0.9986,4100700,924902,-29133721,65908821,-43385053,80069,90000,80000,-0.0086,0.7400,102.020,15.41
2026-10-09T02:33:57+00:00,81965.34,0.004440,93012.713,1.8547,1.6464,0.9986,2838548,2755873,-29209541,65874275,-43208364,80089,90000,80000,-0.0078,0.6800,102.029,15.41
2026-10-09T02:48:57+00:00,82116.47,0.004870,93183.822,1.8547,1.6464,0.9986,2466534,-929843,-29965839,72916449,-41548171,80089,90000,80000,-0.0042,0.6700,102.028,15.41
2026-10-09T03:03:57+00:00,82058.01,0.005340,93038.609,1.8843,1.6385,1.2807,10933826,7119431,-21324744,68443056,-42861373,80135,90000,80000,-0.0053,0.9900,102.028,15.41
2026-10-09T03:18:58+00:00,82166.43,0.005620,93122.855,1.8843,1.6385,1.2807,11945632,9248130,-14552910,74646969,-40833954,80166,90000,80000,0.0078,1.0300,102.031,15.41
2026-10-09T03:33:58+00:00,82202.46,0.006340,93124.953,1.8843,1.6385,1.2807,17400169,16722931,-11591985,76765192,-40059766,80167,90000,80000,0.0036,1.1300,102.038,15.41
2026-10-09T03:48:58+00:00,82380.00,0.006630,92892.835,1.8843,1.6385,1.2807,20251810,17503425,-7169490,84407868,-39394736,80153,90000,80000,-0.0075,0.8900,102.036,15.41
2026-10-09T04:03:58+00:00,82460.01,0.006660,92927.707,1.8802,1.6132,1.5438,12077814,21607702,-2644166,89702187,-37696483,80140,90000,80000,-0.0035,0.7100,102.140,15.41
2026-10-09T04:18:59+00:00,82503.01,0.006590,92782.321,1.8802,1.6132,1.5438,12088992,23954644,448993,92282264,-37253476,80138,90000,80000,0.0016,0.9600,102.021,15.41
2026-10-09T04:33:59+00:00,82426.00,0.006200,92847.684,1.8802,1.6132,1.5438,5424531,23274466,2865151,87271960,-39428878,80144,90000,80000,-0.0012,0.8200,102.037,15.41
2026-10-09T04:48:59+00:00,82294.00,0.006040,92653.052,1.8802,1.6132,1.5438,4073744,20636590,3203789,83065719,-39532157,80119,90000,80000,-0.0032,1.0500,102.023,15.41
2026-10-09T05:03:59+00:00,82314.13,0.006100,92531.292,1.8241,1.5950,0.7095,5446753,26629818,5604783,85083012,-38764390,80097,90000,80000,0.0049,1.0000,102.024,15.41
2026-10-09T05:18:00+00:00,82450.00,0.006350,92554.439,1.8241,1.5950,0.7095,4953932,33628669,54849,90952464,-38066295,80064,90000,80000,0.0061,0.9100,102.002,15.41
2026-10-09T05:33:00+00:00,82526.00,0.006430,92870.825,1.8241,1.5950,0.7095,8082081,34450192,-1628657,94185289,-37215479,80041,90000,80000,0.0074,0.9700,101.984,15.41
2026-10-09T05:48:00+00:00,82424.00,0.006630,92915.013,1.8241,1.5950,0.7095,7112687,31821340,-4131872,90555949,-37609872,79974,90000,80000,-0.0138,1.0200,101.924,15.41
2026-10-09T06:03:01+00:00,82386.01,0.006770,92785.714,1.8161,1.5973,1.3763,2123860,31540239,-4715316,90222888,-37412119,79964,90000,80000,0.0097,1.0800,101.988,15.41
2026-10-09T06:18:01+00:00,82456.76,0.006920,92855.224,1.8161,1.5973,1.3763,744298,31805631,-5233281,92230044,-37812942,79945,90000,80000,0.0022,0.9600,102.028,15.41
2026-10-09T06:33:02+00:00,82521.57,0.006920,92920.713,1.8161,1.5973,1.3763,2471372,34174459,2652857,92963102,-39460946,80005,90000,80000,-0.0013,1.0400,102.037,15.41
2026-10-09T06:48:02+00:00,82584.03,0.007030,92869.323,1.8161,1.5973,1.3763,8114302,37372434,5007550,94288724,-40292804,80000,90000,80000,0.0109,0.9800,102.068,15.41
2026-10-09T07:03:02+00:00,82545.62,0.006500,92882.168,1.7988,1.5928,1.3109,7845983,28858933,2487550,91902773,-41018679,80045,90000,80000,0.0015,1.1300,102.072,15.41
2026-10-09T07:18:03+00:00,82552.00,0.006250,92955.820,1.7988,1.5928,1.3109,7697721,27389378,-2057734,93715056,-40294561,80031,90000,80000,-0.0081,0.9200,102.064,15.41
2026-10-09T07:33:03+00:00,82592.00,0.006110,92967.704,1.7988,1.5928,1.3109,7224928,24273724,-1501177,95913351,-39702950,80034,90000,80000,-0.0046,0.8900,102.021,15.31
2026-10-09T07:48:03+00:00,82548.01,0.005540,92976.838,1.7988,1.5928,1.3109,7209845,26779007,-1148562,90030849,-43388760,80097,90000,82500,-0.0125,1.2300,102.021,15.28
2026-10-09T08:03:04+00:00,82621.99,0.005130,92898.985,1.7670,1.5868,1.0712,13125762,29794847,3534748,137123886,-21212938,78307,90000,80000,-0.0017,1.1700,102.028,15.29
2026-10-09T08:18:04+00:00,82688.31,0.004810,92878.520,1.7670,1.5868,1.0712,13995514,28806288,3356931,139500863,-20442580,78496,90000,80000,0.0058,1.2800,102.069,15.26
2026-10-09T08:33:05+00:00,82540.01,0.004370,92815.261,1.7670,1.5868,1.0712,8180334,28026769,7295683,133218224,-23379708,78473,90000,80000,-0.0110,1.2600,102.035,15.24
2026-10-09T08:48:05+00:00,82582.00,0.004310,92800.004,1.7670,1.5868,1.0712,7585055,30632512,11952456,136737283,-21975368,78513,90000,80000,0.0023,1.3900,102.049,15.25
2026-10-09T09:03:05+00:00,82617.72,0.004420,92838.030,1.7465,1.5702,1.0185,5420495,29504814,15690307,139078860,-21172713,78608,90000,80000,-0.0052,1.1000,102.078,15.20
2026-10-09T09:18:06+00:00,82604.46,0.003350,92849.684,1.7465,1.5702,1.0185,4555095,25920924,17241298,139838801,-21265351,78562,90000,80000,0.0116,1.0800,102.088,15.22
2026-10-09T09:33:06+00:00,82616.45,0.003140,92759.832,1.7465,1.5702,1.0185,8675261,26615588,21930920,140407625,-21121848,78533,90000,80000,-0.0033,1.1100,102.090,15.22
2026-10-09T09:48:06+00:00,82630.17,0.002890,92752.896,1.7465,1.5702,1.0185,5929321,29925191,26865773,141089448,-20888532,78512,90000,80000,-0.0049,1.2600,102.098,15.19
2026-10-09T10:03:07+00:00,82675.99,0.003000,92775.607,1.7100,1.5704,0.9239,4558132,31293784,28221857,143008728,-20113024,78523,90000,80000,-0.0036,1.3500,102.089,15.22
2026-10-09T10:18:07+00:00,82694.01,0.003080,92784.226,1.7100,1.5704,0.9239,4942657,30193562,27932638,143542086,-19667550,78542,90000,80000,-0.0021,1.1000,102.090,15.22
2026-10-09T10:33:07+00:00,82636.33,0.002750,92787.917,1.7100,1.5704,0.9239,2726977,26388176,30471471,140945368,-20914398,78500,90000,80000,-0.0037,1.1900,102.128,15.23
2026-10-09T10:48:08+00:00,82564.69,0.002670,92643.700,1.7100,1.5704,0.9239,-7395491,14789758,26440169,138495397,-22131489,78450,90000,80000,-0.0015,1.1400,102.134,15.26
2026-10-09T11:03:08+00:00,82510.88,0.002670,92612.048,1.6199,1.5656,0.6984,-6525066,17066929,29452596,135209908,-23476185,78416,90000,80000,-0.0019,0.9800,102.166,15.30
2026-10-09T11:18:08+00:00,82572.01,0.002990,92530.091,1.6199,1.5656,0.6984,-5644056,16873163,31442498,138846094,-21848715,78405,90000,80000,0.0037,1.0200,102.192,15.24
2026-10-09T11:33:09+00:00,82700.00,0.003610,92265.554,1.6199,1.5656,0.6984,-561660,16534404,32137025,145268098,-18678330,78400,90000,80000,-0.0110,0.9500,102.168,15.23
2026-10-09T11:48:09+00:00,83403.97,0.003890,91389.950,1.6199,1.5656,0.6984,18639915,25938579,41459978,181863614,-847320,78505,90000,80000,-0.0158,0.8400,102.131,15.19
2026-10-09T12:03:10+00:00,83239.11,0.003350,91769.032,1.6274,1.5346,1.3680,15304756,18786027,38991606,173148206,-4610745,78480,90000,80000,-0.0016,0.6800,102.141,15.17
2026-10-09T12:18:10+00:00,83238.01,0.003080,91972.245,1.6274,1.5346,1.3680,20282747,22310358,41750866,173666997,-4358608,78549,90000,80000,-0.0031,1.1100,102.182,15.12
2026-10-09T12:33:10+00:00,83135.61,0.002470,91903.355,1.6274,1.5346,1.3680,13465515,24720426,41080524,169007246,-6019647,78619,90000,80000,0.0021,1.1100,102.205,15.19
2026-10-09T12:48:11+00:00,83124.67,0.002130,91931.872,1.6274,1.5346,1.3680,2528429,18993565,42262606,168190283,-6245347,78689,90000,80000,-0.0095,0.8400,102.266,15.16
2026-10-09T13:03:11+00:00,83084.00,0.001830,91901.575,1.5543,1.5269,0.8119,5382819,19253049,58455508,166135207,-7192784,78702,90000,80000,-0.0081,1.0100,102.310,15.22
2026-10-09T13:18:11+00:00,83056.01,0.001570,91902.490,1.5543,1.5269,0.8119,4811910,22566214,56647940,164016393,-8158855,78697,90000,80000,-0.0110,1.1900,102.280,15.16
2026-10-09T13:33:12+00:00,82845.16,0.000950,92129.289,1.5543,1.5269,0.8119,6097395,21715123,56697361,151866981,-14011895,78642,90000,80000,-0.0004,1.0300,102.308,15.13
2026-10-09T13:48:12+00:00,82587.75,0.000860,91967.972,1.5543,1.5269,0.8119,4822885,16720513,59139500,138385049,-20380693,78612,90000,80000,-0.0198,0.9700,102.298,15.08
2026-10-09T14:03:12+00:00,82591.98,0.001050,92038.600,1.5504,1.5615,0.9667,5762277,20343041,57461696,137449624,-20546086,78707,90000,80000,-0.0016,0.9200,102.316,15.16
2026-10-09T14:18:13+00:00,83006.84,0.001490,92082.959,1.5504,1.5615,0.9667,9970272,28908913,55300669,160546596,-8999980,78777,90000,80000,0.0052,1.1200,102.282,15.06
2026-10-09T14:33:13+00:00,83206.01,0.001680,92291.850,1.5504,1.5615,0.9667,16300220,36151570,56926773,171328789,-2821782,78934,90000,80000,-0.0028,0.9100,102.306,15.09
2026-10-09T14:48:13+00:00,83000.00,0.001440,92206.025,1.5504,1.5615,0.9667,18083805,43289739,55755659,159217943,-8597606,78961,90000,80000,-0.0016,1.0400,102.274,15.02
2026-10-09T15:03:14+00:00,83004.01,0.001280,91925.792,1.5336,1.5539,1.1631,16542036,44236762,56947709,159115352,-8586770,78981,90000,80000,-0.0084,0.8800,102.267,15.06
2026-10-09T15:18:14+00:00,82984.01,0.000880,91911.891,1.5336,1.5539,1.1631,10390474,46764662,63906449,158038764,-9399588,79066,90000,80000,0.0061,1.0700,102.301,14.96
2026-10-09T15:33:14+00:00,83024.77,0.001230,91952.742,1.5336,1.5539,1.1631,6316740,42325712,84691718,160474897,-8090150,79089,90000,80000,-0.0185,0.9700,102.279,14.91
2026-10-09T15:48:15+00:00,82968.00,0.001220,91955.907,1.5336,1.5539,1.1631,6003683,32274508,95513950,156139224,-10330889,79132,90000,80000,-0.0096,0.8600,102.294,14.93
2026-10-09T16:03:15+00:00,82789.84,0.001260,91941.145,1.5265,1.5529,0.9110,3604611,32248648,119272829,144728883,-16507977,79171,90000,80000,-0.0031,1.1700,102.303,14.91
2026-10-09T16:18:16+00:00,82956.00,0.002530,91852.211,1.5265,1.5529,0.9110,5587290,31759972,130683152,155253534,-10298436,79266,90000,80000,-0.0016,0.9600,102.299,14.91
2026-10-09T16:33:16+00:00,82784.00,0.002260,91680.292,1.5265,1.5529,0.9110,3341295,31864856,130147389,145431426,-16435495,79274,90000,80000,-0.0089,0.8400,102.319,14.82
2026-10-09T16:48:16+00:00,82788.01,0.002540,91678.882,1.5265,1.5529,0.9110,4161346,33977930,129773403,145042163,-16750242,79324,90000,80000,-0.0048,1.0000,102.313,14.87
2026-10-09T17:03:17+00:00,82729.98,0.002770,91642.688,1.5246,1.5700,1.0803,4042576,31236069,141829333,141315733,-18785615,79374,90000,80000,0.0035,1.2400,102.318,14.84
2026-10-09T17:18:17+00:00,82683.58,0.002780,91684.250,1.5246,1.5700,1.0803,1031549,26615579,139512596,138343625,-20715356,79400,90000,80000,-0.0011,0.9800,102.295,14.85
2026-10-09T17:33:17+00:00,82619.65,0.003300,91821.804,1.5246,1.5700,1.0803,619405,26705905,149010392,132284016,-24172214,79464,90000,80000,-0.0146,1.0200,102.255,14.88
2026-10-09T17:48:18+00:00,82682.47,0.003330,91874.555,1.5246,1.5700,1.0803,560846,28927821,149210789,137137126,-21236072,79524,90000,80000,0.0001,1.1300,102.290,14.87
2026-10-09T18:03:18+00:00,82692.01,0.003600,91880.710,1.4618,1.5762,0.7672,-645276,24021375,160912779,136353529,-21740363,79560,90000,80000,-0.0073,1.0600,102.276,14.86
2026-10-09T18:18:18+00:00,82624.01,0.003720,91937.662,1.4618,1.5762,0.7672,-1750736,14611315,154194277,131513513,-25237820,79567,90000,80000,-0.0061,1.1300,102.241,14.89
